LOCATION,SUBJECT,TIME,Value
NZL,UPPSRY_NTRY,1981,80.579987
NZL,UPPSRY_NTRY,1990,75.055901
NZL,UPPSRY_NTRY,1991,73.311836
NZL,UPPSRY_NTRY,1992,73.091179
NZL,UPPSRY_NTRY,1994,79.132454
NZL,UPPSRY_NTRY,1995,81.755188
NZL,UPPSRY_NTRY,1997,80.148605
NZL,UPPSRY_NTRY,1998,79.085892
NZL,UPPSRY_NTRY,1999,79.709686
NZL,UPPSRY_NTRY,2000,80.012154
NZL,UPPSRY_NTRY,2001,80.18084
NZL,UPPSRY_NTRY,2002,81.208153
NZL,UPPSRY_NTRY,2003,81.359337
NZL,UPPSRY_NTRY,2004,82.676079
NZL,UPPSRY_NTRY,2005,84.239845
NZL,UPPSRY_NTRY,2006,84.23645
NZL,UPPSRY_NTRY,2007,84.633499
NZL,UPPSRY_NTRY,2008,83.333336
NZL,UPPSRY_NTRY,2009,82.433228
NZL,UPPSRY_NTRY,2010,82.047951
NZL,UPPSRY_NTRY,2011,82.064568
NZL,UPPSRY_NTRY,2012,81.329849
NZL,UPPSRY_NTRY,2013,81.130272
NZL,UPPSRY_NTRY,2014,80.34404
NZL,UPPSRY_NTRY,2015,81.348915
NZL,UPPSRY_NTRY,2016,82.106155
NZL,UPPSRY_NTRY,2017,82.556374
NZL,UPPSRY_NTRY,2018,83.478004
NZL,UPPSRY_NTRY,2019,82.946716
NZL,UPPSRY_NTRY,2020,81.819893
NZL,UPPSRY_NTRY,2021,83.292053
GBR,TRY,1997,87.203308
GBR,TRY,1998,87.075378
GBR,TRY,1999,87.732735
GBR,TRY,2000,87.755997
GBR,TRY,2001,88.175331
GBR,TRY,2002,87.619789
GBR,TRY,2003,87.833679
GBR,TRY,2004,87.675697
GBR,TRY,2005,88.04351
GBR,TRY,2006,87.540085
GBR,TRY,2007,87.376877
GBR,TRY,2008,84.997505
GBR,TRY,2009,84.541405
GBR,TRY,2010,84.20475
GBR,TRY,2011,83.184135
GBR,TRY,2012,84.065559
GBR,TRY,2013,84.7882
GBR,TRY,2014,84.583046
GBR,TRY,2015,85.386436
GBR,TRY,2016,85.069305
GBR,TRY,2017,85.466637
GBR,TRY,2018,86.119209
GBR,TRY,2019,86.628654
GBR,TRY,2020,86.339325
GBR,TRY,2021,86.314072
CHE,BUPPSRY,1989,69.53299
CHE,BUPPSRY,1991,71.32328
CHE,BUPPSRY,1992,69.190521
CHE,BUPPSRY,1994,67.921509
CHE,BUPPSRY,1995,67.379211
CHE,BUPPSRY,1997,67.969604
CHE,BUPPSRY,1998,68.779854
CHE,BUPPSRY,1999,68.331108
CHE,BUPPSRY,2000,64.46402
CHE,BUPPSRY,2001,69.605507
CHE,BUPPSRY,2002,68.221146
CHE,BUPPSRY,2003,66.255959
CHE,BUPPSRY,2004,65.375191
CHE,BUPPSRY,2005,65.251854
CHE,BUPPSRY,2006,64.473915
CHE,BUPPSRY,2007,65.966141
CHE,BUPPSRY,2008,67.624359
CHE,BUPPSRY,2009,67.486542
CHE,BUPPSRY,2010,66.138481
CHE,BUPPSRY,2011,66.620018
CHE,BUPPSRY,2012,66.815224
CHE,BUPPSRY,2013,67.016556
CHE,BUPPSRY,2014,67.452423
CHE,BUPPSRY,2015,67.571083
CHE,BUPPSRY,2016,67.597321
CHE,BUPPSRY,2017,67.160423
CHE,BUPPSRY,2018,68.587822
CHE,BUPPSRY,2019,68.791687
CHE,BUPPSRY,2020,69.120865
CHE,BUPPSRY,2021,66.632103
TUR,TRY,1991,86.973473
TUR,TRY,1992,86.55246
TUR,TRY,1994,85.289635
TUR,TRY,1995,74.10321
TUR,TRY,1997,81.67852
TUR,TRY,1998,81.317764
TUR,TRY,1999,78.97081
TUR,TRY,2000,78.475754
TUR,TRY,2001,78.274338
TUR,TRY,2002,76.289063
TUR,TRY,2003,74.85836
TUR,TRY,2004,74.467293
TUR,TRY,2005,75.22998
TUR,TRY,2006,74.509804
TUR,TRY,2007,74.605957
TUR,TRY,2008,74.540611
TUR,TRY,2009,73.554733
TUR,TRY,2010,75.710953
TUR,TRY,2011,76.067108
TUR,TRY,2012,76.171501
TUR,TRY,2013,76.977776
TUR,TRY,2014,76.13636
TUR,TRY,2015,76.161552
TUR,TRY,2016,75.003456
TUR,TRY,2017,75.208984
TUR,TRY,2018,74.325996
TUR,TRY,2019,73.619423
TUR,TRY,2021,72.292519
NLD,TRY,1990,81.381577
NLD,TRY,1991,84.629982
NLD,TRY,1992,83.742691
NLD,TRY,1994,81.879196
NLD,TRY,1995,82.849464
NLD,TRY,1998,85.355453
NLD,TRY,2000,86.283089
NLD,TRY,2001,86.321892
NLD,TRY,2002,86.45549
NLD,TRY,2003,85.877647
NLD,TRY,2004,85.337799
NLD,TRY,2005,85.622635
NLD,TRY,2006,86.380783
NLD,TRY,2007,87.731361
NLD,TRY,2008,88.308357
NLD,TRY,2009,88.052246
NLD,TRY,2010,87.521606
NLD,TRY,2011,87.23703
NLD,TRY,2012,87.643303
NLD,TRY,2013,87.976959
NLD,TRY,2014,87.658478
NLD,TRY,2015,88.234077
NLD,TRY,2016,88.424866
NLD,TRY,2017,88.830811
NLD,TRY,2018,89.607353
NLD,TRY,2019,89.671005
NLD,TRY,2020,89.500687
NLD,TRY,2021,89.027794
GRC,UPPSRY_NTRY,1987,61.616737
GRC,UPPSRY_NTRY,1988,61.868504
GRC,UPPSRY_NTRY,1989,62.205051
GRC,UPPSRY_NTRY,1990,63.353134
GRC,UPPSRY_NTRY,1991,62.71814
GRC,UPPSRY_NTRY,1992,62.721313
GRC,UPPSRY_NTRY,1993,62.319134
GRC,UPPSRY_NTRY,1994,62.40609
GRC,UPPSRY_NTRY,1995,63.395378
GRC,UPPSRY_NTRY,1996,63.955868
GRC,UPPSRY_NTRY,1997,64.180321
GRC,UPPSRY_NTRY,1998,65.684105
GRC,UPPSRY_NTRY,1999,64.562759
GRC,UPPSRY_NTRY,2000,64.586845
GRC,UPPSRY_NTRY,2001,65.132828
GRC,UPPSRY_NTRY,2002,65.38813
GRC,UPPSRY_NTRY,2003,66.923561
GRC,UPPSRY_NTRY,2004,68.190277
GRC,UPPSRY_NTRY,2005,68.716469
GRC,UPPSRY_NTRY,2006,69.702591
GRC,UPPSRY_NTRY,2007,69.457176
GRC,UPPSRY_NTRY,2008,69.799133
GRC,UPPSRY_NTRY,2009,68.413803
GRC,UPPSRY_NTRY,2010,66.384895
GRC,UPPSRY_NTRY,2011,61.992165
GRC,UPPSRY_NTRY,2012,57.122643
GRC,UPPSRY_NTRY,2013,54.066143
GRC,UPPSRY_NTRY,2014,54.498825
GRC,UPPSRY_NTRY,2015,56.401764
GRC,UPPSRY_NTRY,2016,58.112816
GRC,UPPSRY_NTRY,2017,59.319614
GRC,UPPSRY_NTRY,2018,60.870548
GRC,UPPSRY_NTRY,2019,62.335983
GRC,UPPSRY_NTRY,2020,62.153561
GRC,UPPSRY_NTRY,2021,62.988297
KOR,BUPPSRY,1995,71.089951
KOR,BUPPSRY,1997,71.178406
KOR,BUPPSRY,1998,66.097816
KOR,BUPPSRY,1999,66.867439
KOR,BUPPSRY,2000,68.110718
KOR,BUPPSRY,2001,67.900017
KOR,BUPPSRY,2002,68.4972
KOR,BUPPSRY,2003,66.622368
KOR,BUPPSRY,2004,66.74823
KOR,BUPPSRY,2005,65.956055
KOR,BUPPSRY,2006,66.259041
KOR,BUPPSRY,2007,66.028656
KOR,BUPPSRY,2008,66.184456
KOR,BUPPSRY,2009,65.052864
KOR,BUPPSRY,2010,65.05529
KOR,BUPPSRY,2011,65.297112
KOR,BUPPSRY,2012,65.353065
KOR,BUPPSRY,2013,65.500572
KOR,BUPPSRY,2014,66.36348
KOR,BUPPSRY,2015,65.891991
KOR,BUPPSRY,2016,65.544815
KOR,BUPPSRY,2017,65.798889
KOR,BUPPSRY,2018,64.728958
KOR,BUPPSRY,2019,63.626556
KOR,BUPPSRY,2020,61.423512
KOR,BUPPSRY,2021,61.157108
EST,BUPPSRY,1997,47.446205
EST,BUPPSRY,1998,47.671066
EST,BUPPSRY,1999,43.944023
EST,BUPPSRY,2000,39.802414
EST,BUPPSRY,2001,41.678741
EST,BUPPSRY,2002,40.552887
EST,BUPPSRY,2003,47.266415
EST,BUPPSRY,2004,51.586044
EST,BUPPSRY,2005,49.512119
EST,BUPPSRY,2006,55.081551
EST,BUPPSRY,2007,55.361004
EST,BUPPSRY,2008,57.425705
EST,BUPPSRY,2009,46.916954
EST,BUPPSRY,2010,45.019768
EST,BUPPSRY,2011,48.561352
EST,BUPPSRY,2012,50.252663
EST,BUPPSRY,2013,57.934174
EST,BUPPSRY,2014,60.264725
EST,BUPPSRY,2015,57.987846
EST,BUPPSRY,2016,61.366207
EST,BUPPSRY,2017,65.3769
EST,BUPPSRY,2018,65.051361
EST,BUPPSRY,2019,62.385929
EST,BUPPSRY,2020,62.542736
EST,BUPPSRY,2021,64.107475
DEU,TRY,1989,84.208748
DEU,TRY,1991,85.013275
DEU,TRY,1992,84.653061
DEU,TRY,1994,83.358749
DEU,TRY,1995,84.151466
DEU,TRY,1997,82.290977
DEU,TRY,1998,82.210487
DEU,TRY,1999,82.973106
DEU,TRY,2000,83.401245
DEU,TRY,2001,83.424339
DEU,TRY,2002,83.558861
DEU,TRY,2003,82.973022
DEU,TRY,2004,82.653915
DEU,TRY,2005,82.865166
DEU,TRY,2006,84.33522
DEU,TRY,2007,85.467903
DEU,TRY,2008,85.819786
DEU,TRY,2009,86.414375
DEU,TRY,2010,86.929436
DEU,TRY,2011,87.853821
DEU,TRY,2012,87.890465
DEU,TRY,2013,87.763885
DEU,TRY,2014,88.078751
DEU,TRY,2015,88.13018
DEU,TRY,2016,88.329994
DEU,TRY,2017,88.58493
DEU,TRY,2018,88.895027
DEU,TRY,2019,89.345268
DEU,TRY,2020,88.669289
DEU,TRY,2021,88.338303
DNK,BUPPSRY,1981,67.223839
DNK,BUPPSRY,1988,64.912277
DNK,BUPPSRY,1991,61.964344
DNK,BUPPSRY,1992,61.661186
DNK,BUPPSRY,1994,60.119549
DNK,BUPPSRY,1995,61.472237
DNK,BUPPSRY,1998,60.857647
DNK,BUPPSRY,1999,61.676125
DNK,BUPPSRY,2000,62.469681
DNK,BUPPSRY,2001,61.540264
DNK,BUPPSRY,2002,61.17897
DNK,BUPPSRY,2003,62.662125
DNK,BUPPSRY,2004,61.698513
DNK,BUPPSRY,2005,61.519829
DNK,BUPPSRY,2006,62.756851
DNK,BUPPSRY,2007,67.496246
DNK,BUPPSRY,2008,66.725883
DNK,BUPPSRY,2009,63.210625
DNK,BUPPSRY,2010,60.972359
DNK,BUPPSRY,2011,60.681927
DNK,BUPPSRY,2012,59.152397
DNK,BUPPSRY,2013,58.606014
DNK,BUPPSRY,2014,59.843922
DNK,BUPPSRY,2015,59.170334
DNK,BUPPSRY,2016,61.461666
DNK,BUPPSRY,2017,61.138855
DNK,BUPPSRY,2018,61.091515
DNK,BUPPSRY,2019,60.748222
DNK,BUPPSRY,2020,60.465584
DNK,BUPPSRY,2021,61.790646
FIN,UPPSRY_NTRY,2000,75.15316
FIN,UPPSRY_NTRY,2003,74.374451
FIN,UPPSRY_NTRY,2004,74.414146
FIN,UPPSRY_NTRY,2005,75.172165
FIN,UPPSRY_NTRY,2006,75.585205
FIN,UPPSRY_NTRY,2007,76.199265
FIN,UPPSRY_NTRY,2008,77.263542
FIN,UPPSRY_NTRY,2009,74.795975
FIN,UPPSRY_NTRY,2010,74.083595
FIN,UPPSRY_NTRY,2011,74.740028
FIN,UPPSRY_NTRY,2012,74.61618
FIN,UPPSRY_NTRY,2013,73.617867
FIN,UPPSRY_NTRY,2014,73.173897
FIN,UPPSRY_NTRY,2015,72.808609
FIN,UPPSRY_NTRY,2016,73.19838
FIN,UPPSRY_NTRY,2017,74.074074
FIN,UPPSRY_NTRY,2018,75.68013
FIN,UPPSRY_NTRY,2019,76.588898
FIN,UPPSRY_NTRY,2020,75.267929
FIN,UPPSRY_NTRY,2021,76.822716
NOR,UPPSRY_NTRY,1981,81.012032
NOR,UPPSRY_NTRY,1989,81.020592
NOR,UPPSRY_NTRY,1991,79.68972
NOR,UPPSRY_NTRY,1992,79.11924
NOR,UPPSRY_NTRY,1994,79.315414
NOR,UPPSRY_NTRY,1995,80.476761
NOR,UPPSRY_NTRY,2005,82.418602
NOR,UPPSRY_NTRY,2006,82.932518
NOR,UPPSRY_NTRY,2007,83.985168
NOR,UPPSRY_NTRY,2008,84.422836
NOR,UPPSRY_NTRY,2009,83.138901
NOR,UPPSRY_NTRY,2010,81.725609
NOR,UPPSRY_NTRY,2011,81.65596
NOR,UPPSRY_NTRY,2012,81.2173
NOR,UPPSRY_NTRY,2013,81.792572
NOR,UPPSRY_NTRY,2014,81.480118
NOR,UPPSRY_NTRY,2015,80.516129
NOR,UPPSRY_NTRY,2016,80.244171
NOR,UPPSRY_NTRY,2017,79.68779
NOR,UPPSRY_NTRY,2018,80.771706
NOR,UPPSRY_NTRY,2019,80.785126
NOR,UPPSRY_NTRY,2020,79.452942
NOR,UPPSRY_NTRY,2021,81.227379
SVK,BUPPSRY,1997,38.909092
SVK,BUPPSRY,1998,37.372425
SVK,BUPPSRY,1999,33.209339
SVK,BUPPSRY,2000,30.857649
SVK,BUPPSRY,2001,30.493593
SVK,BUPPSRY,2002,28.188423
SVK,BUPPSRY,2003,28.517904
SVK,BUPPSRY,2004,26.595428
SVK,BUPPSRY,2005,26.282099
SVK,BUPPSRY,2006,28.927097
SVK,BUPPSRY,2007,29.113235
SVK,BUPPSRY,2008,32.313751
SVK,BUPPSRY,2009,30.336721
SVK,BUPPSRY,2010,29.686049
SVK,BUPPSRY,2011,30.250757
SVK,BUPPSRY,2012,30.708851
SVK,BUPPSRY,2013,31.021057
SVK,BUPPSRY,2014,32.682098
SVK,BUPPSRY,2015,34.454655
SVK,BUPPSRY,2016,37.67197
SVK,BUPPSRY,2017,39.054001
SVK,BUPPSRY,2018,38.262417
SVK,BUPPSRY,2019,38.039867
SVK,BUPPSRY,2020,36.489971
SVK,BUPPSRY,2021,29.777237
USA,TRY,1981,84.16859
USA,TRY,1982,83.986917
USA,TRY,1983,83.326011
USA,TRY,1984,84.723388
USA,TRY,1985,84.864479
USA,TRY,1986,84.842372
USA,TRY,1987,85.446921
USA,TRY,1988,86.281388
USA,TRY,1989,85.790429
USA,TRY,1990,86.000577
USA,TRY,1991,85.27376
USA,TRY,1992,84.588264
USA,TRY,1993,84.041763
USA,TRY,1994,84.242874
USA,TRY,1995,85.099464
USA,TRY,1996,84.73156
USA,TRY,1997,85.401337
USA,TRY,1998,85.283928
USA,TRY,1999,84.621452
USA,TRY,2000,85.012268
USA,TRY,2001,83.946899
USA,TRY,2002,83.15535
USA,TRY,2003,82.210899
USA,TRY,2004,81.968559
USA,TRY,2005,82.493523
USA,TRY,2006,82.736015
USA,TRY,2007,83.325432
USA,TRY,2008,83.107628
USA,TRY,2009,80.772552
USA,TRY,2010,80.030045
USA,TRY,2011,79.954567
USA,TRY,2012,80.139328
USA,TRY,2013,80.374336
USA,TRY,2014,80.113396
USA,TRY,2015,81.183861
USA,TRY,2016,81.607964
USA,TRY,2017,81.797844
USA,TRY,2018,82.208473
USA,TRY,2019,82.679253
USA,TRY,2020,81.856888
USA,TRY,2021,80.604126
RUS,UPPSRY_NTRY,2010,72.091026
RUS,UPPSRY_NTRY,2011,71.508369
RUS,UPPSRY_NTRY,2012,72.429832
RUS,UPPSRY_NTRY,2013,71.482208
RUS,UPPSRY_NTRY,2014,71.492508
RUS,UPPSRY_NTRY,2015,71.393967
RUS,UPPSRY_NTRY,2016,71.516251
RUS,UPPSRY_NTRY,2017,72.559456
RUS,UPPSRY_NTRY,2018,73.475655
EST,TRY,1997,82.90313
EST,TRY,1998,81.731743
EST,TRY,1999,80.856842
EST,TRY,2000,79.529953
EST,TRY,2001,80.241455
EST,TRY,2002,81.788887
EST,TRY,2003,80.226974
EST,TRY,2004,82.077957
EST,TRY,2005,84.110771
EST,TRY,2006,87.644783
EST,TRY,2007,87.263184
EST,TRY,2008,85.838882
EST,TRY,2009,82.738152
EST,TRY,2010,79.625122
EST,TRY,2011,79.897217
EST,TRY,2012,82.300453
EST,TRY,2013,83.006584
EST,TRY,2014,84.029152
EST,TRY,2015,85.720383
EST,TRY,2016,84.851707
EST,TRY,2017,85.679253
EST,TRY,2018,85.069229
EST,TRY,2019,86.615898
EST,TRY,2020,85.228409
EST,TRY,2021,87.260757
USA,BUPPSRY,1981,55.546682
USA,BUPPSRY,1982,53.548024
USA,BUPPSRY,1983,51.191744
USA,BUPPSRY,1984,53.533721
USA,BUPPSRY,1985,53.404847
USA,BUPPSRY,1986,53.834344
USA,BUPPSRY,1987,54.680055
USA,BUPPSRY,1988,55.565161
USA,BUPPSRY,1989,55.63601
USA,BUPPSRY,1990,55.335142
USA,BUPPSRY,1991,53.501166
USA,BUPPSRY,1992,52.157013
USA,BUPPSRY,1993,51.834091
USA,BUPPSRY,1994,50.949051
USA,BUPPSRY,1995,53.826523
USA,BUPPSRY,1996,53.651592
USA,BUPPSRY,1997,55.228508
USA,BUPPSRY,1998,57.614792
USA,BUPPSRY,1999,57.812458
USA,BUPPSRY,2000,57.756981
USA,BUPPSRY,2001,58.448296
USA,BUPPSRY,2002,57.027046
USA,BUPPSRY,2003,57.758499
USA,BUPPSRY,2004,56.517056
USA,BUPPSRY,2005,57.199039
USA,BUPPSRY,2006,57.958363
USA,BUPPSRY,2007,58.291149
USA,BUPPSRY,2008,56.224297
USA,BUPPSRY,2009,52.46368
USA,BUPPSRY,2010,52.100323
USA,BUPPSRY,2011,51.101292
USA,BUPPSRY,2012,52.879902
USA,BUPPSRY,2013,53.176186
USA,BUPPSRY,2014,54.84893
USA,BUPPSRY,2015,54.681458
USA,BUPPSRY,2016,56.593254
USA,BUPPSRY,2017,55.559578
USA,BUPPSRY,2018,56.757965
USA,BUPPSRY,2019,56.059174
USA,BUPPSRY,2020,55.072292
USA,BUPPSRY,2021,52.077045
TUR,BUPPSRY,1991,59.909107
TUR,BUPPSRY,1992,55.321198
TUR,BUPPSRY,1994,58.773392
TUR,BUPPSRY,1995,64.003418
TUR,BUPPSRY,1997,56.947479
TUR,BUPPSRY,1998,57.359489
TUR,BUPPSRY,1999,55.82996
TUR,BUPPSRY,2000,53.073326
TUR,BUPPSRY,2001,51.888775
TUR,BUPPSRY,2002,50.454697
TUR,BUPPSRY,2003,49.053696
TUR,BUPPSRY,2004,47.68491
TUR,BUPPSRY,2005,47.1721
TUR,BUPPSRY,2006,47.254066
TUR,BUPPSRY,2007,46.91069
TUR,BUPPSRY,2008,46.742432
TUR,BUPPSRY,2009,46.331066
TUR,BUPPSRY,2010,48.504246
TUR,BUPPSRY,2011,50.718143
TUR,BUPPSRY,2012,51.234703
TUR,BUPPSRY,2013,51.228085
TUR,BUPPSRY,2014,50.764965
TUR,BUPPSRY,2015,50.911934
TUR,BUPPSRY,2016,51.428822
TUR,BUPPSRY,2017,52.307957
TUR,BUPPSRY,2018,52.440334
TUR,BUPPSRY,2019,50.084469
TUR,BUPPSRY,2021,49.672829
AUT,BUPPSRY,2004,53.086536
AUT,BUPPSRY,2005,53.223949
AUT,BUPPSRY,2006,53.873268
AUT,BUPPSRY,2007,56.105774
AUT,BUPPSRY,2008,55.389305
AUT,BUPPSRY,2009,54.014412
AUT,BUPPSRY,2010,54.844025
AUT,BUPPSRY,2011,55.126537
AUT,BUPPSRY,2012,54.681053
AUT,BUPPSRY,2013,54.057014
AUT,BUPPSRY,2014,53.03339
AUT,BUPPSRY,2015,52.858994
AUT,BUPPSRY,2016,53.937981
AUT,BUPPSRY,2017,54.064987
AUT,BUPPSRY,2018,55.321404
AUT,BUPPSRY,2019,55.563885
AUT,BUPPSRY,2020,53.948326
AUT,BUPPSRY,2021,54.440353
GRC,BUPPSRY,1987,58.418629
GRC,BUPPSRY,1988,58.552036
GRC,BUPPSRY,1989,58.560562
GRC,BUPPSRY,1990,57.222313
GRC,BUPPSRY,1991,54.441059
GRC,BUPPSRY,1992,55.486458
GRC,BUPPSRY,1993,55.59988
GRC,BUPPSRY,1994,56.142689
GRC,BUPPSRY,1995,56.230247
GRC,BUPPSRY,1996,56.709251
GRC,BUPPSRY,1997,56.655075
GRC,BUPPSRY,1998,56.285931
GRC,BUPPSRY,1999,57.018864
GRC,BUPPSRY,2000,57.541027
GRC,BUPPSRY,2001,57.302723
GRC,BUPPSRY,2002,58.409481
GRC,BUPPSRY,2003,59.843746
GRC,BUPPSRY,2004,57.986698
GRC,BUPPSRY,2005,59.130093
GRC,BUPPSRY,2006,59.47295
GRC,BUPPSRY,2007,59.940395
GRC,BUPPSRY,2008,60.230595
GRC,BUPPSRY,2009,59.757038
GRC,BUPPSRY,2010,58.08382
GRC,BUPPSRY,2011,53.881973
GRC,BUPPSRY,2012,48.422012
GRC,BUPPSRY,2013,46.323322
GRC,BUPPSRY,2014,46.932018
GRC,BUPPSRY,2015,48.528072
GRC,BUPPSRY,2016,48.495949
GRC,BUPPSRY,2017,49.611893
GRC,BUPPSRY,2018,50.366364
GRC,BUPPSRY,2019,52.4118
GRC,BUPPSRY,2020,51.754078
GRC,BUPPSRY,2021,53.157799
GBR,BUPPSRY,1997,64.703384
GBR,BUPPSRY,1998,64.551895
GBR,BUPPSRY,1999,64.977608
GBR,BUPPSRY,2000,65.323746
GBR,BUPPSRY,2001,65.527481
GBR,BUPPSRY,2002,65.281273
GBR,BUPPSRY,2003,65.990303
GBR,BUPPSRY,2004,65.448097
GBR,BUPPSRY,2005,65.487144
GBR,BUPPSRY,2006,63.080437
GBR,BUPPSRY,2007,63.27948
GBR,BUPPSRY,2008,59.271851
GBR,BUPPSRY,2009,56.909519
GBR,BUPPSRY,2010,56.107616
GBR,BUPPSRY,2011,55.940659
GBR,BUPPSRY,2012,56.772728
GBR,BUPPSRY,2013,57.407883
GBR,BUPPSRY,2014,60.05061
GBR,BUPPSRY,2015,60.144756
GBR,BUPPSRY,2016,61.296593
GBR,BUPPSRY,2017,62.649063
GBR,BUPPSRY,2018,65.719254
GBR,BUPPSRY,2019,65.395134
GBR,BUPPSRY,2020,64.468765
GBR,BUPPSRY,2021,63.93383
KOR,TRY,1995,80.211517
KOR,TRY,1997,80.223633
KOR,TRY,1998,76.068214
KOR,TRY,1999,74.649818
KOR,TRY,2000,75.420128
KOR,TRY,2001,75.692368
KOR,TRY,2002,76.117149
KOR,TRY,2003,76.372177
KOR,TRY,2004,76.725571
KOR,TRY,2005,76.800529
KOR,TRY,2006,77.29113
KOR,TRY,2007,77.211655
KOR,TRY,2008,77.100822
KOR,TRY,2009,76.208008
KOR,TRY,2010,76.321976
KOR,TRY,2011,76.831879
KOR,TRY,2012,77.135872
KOR,TRY,2013,77.406151
KOR,TRY,2014,77.528145
KOR,TRY,2015,77.475151
KOR,TRY,2016,77.355438
KOR,TRY,2017,77.380608
KOR,TRY,2018,77.591324
KOR,TRY,2019,77.666336
KOR,TRY,2020,76.97361
KOR,TRY,2021,77.468056
ESP,UPPSRY_NTRY,1981,71.945587
ESP,UPPSRY_NTRY,1989,71.098763
ESP,UPPSRY_NTRY,1991,72.446632
ESP,UPPSRY_NTRY,1992,68.895737
ESP,UPPSRY_NTRY,1994,64.75489
ESP,UPPSRY_NTRY,1995,65.146049
ESP,UPPSRY_NTRY,1997,66.789864
ESP,UPPSRY_NTRY,1998,67.611267
ESP,UPPSRY_NTRY,1999,69.911438
ESP,UPPSRY_NTRY,2000,71.992584
ESP,UPPSRY_NTRY,2001,71.655319
ESP,UPPSRY_NTRY,2002,71.902039
ESP,UPPSRY_NTRY,2003,72.617111
ESP,UPPSRY_NTRY,2004,73.381233
ESP,UPPSRY_NTRY,2005,75.070641
ESP,UPPSRY_NTRY,2006,76.308411
ESP,UPPSRY_NTRY,2007,76.553085
ESP,UPPSRY_NTRY,2008,75.456436
ESP,UPPSRY_NTRY,2009,71.020126
ESP,UPPSRY_NTRY,2010,69.325081
ESP,UPPSRY_NTRY,2011,67.89875
ESP,UPPSRY_NTRY,2012,66.336761
ESP,UPPSRY_NTRY,2013,64.481842
ESP,UPPSRY_NTRY,2014,65.893608
ESP,UPPSRY_NTRY,2015,67.698692
ESP,UPPSRY_NTRY,2016,69.235588
ESP,UPPSRY_NTRY,2017,70.187393
ESP,UPPSRY_NTRY,2018,70.932465
ESP,UPPSRY_NTRY,2019,71.923203
ESP,UPPSRY_NTRY,2020,68.895836
ESP,UPPSRY_NTRY,2021,70.651619
SVK,TRY,1997,89.756271
SVK,TRY,1998,88.646912
SVK,TRY,1999,87.01767
SVK,TRY,2000,85.576256
SVK,TRY,2001,86.673119
SVK,TRY,2002,86.597939
SVK,TRY,2003,87.093895
SVK,TRY,2004,83.581184
SVK,TRY,2005,84.022018
SVK,TRY,2006,84.860603
SVK,TRY,2007,84.211525
SVK,TRY,2008,85.533531
SVK,TRY,2009,83.17614
SVK,TRY,2010,82.237434
SVK,TRY,2011,81.513947
SVK,TRY,2012,80.120392
SVK,TRY,2013,79.461082
SVK,TRY,2014,79.975822
SVK,TRY,2015,80.276695
SVK,TRY,2016,81.287842
SVK,TRY,2017,82.043846
SVK,TRY,2018,82.641022
SVK,TRY,2019,83.84182
SVK,TRY,2020,82.723694
SVK,TRY,2021,87.933441
NLD,BUPPSRY,1990,49.316216
NLD,BUPPSRY,1991,50.212406
NLD,BUPPSRY,1992,50.884315
NLD,BUPPSRY,1994,51.279762
NLD,BUPPSRY,1995,52.101097
NLD,BUPPSRY,1998,55.323254
NLD,BUPPSRY,2000,57.559811
NLD,BUPPSRY,2001,58.823528
NLD,BUPPSRY,2002,60.720787
NLD,BUPPSRY,2003,59.367641
NLD,BUPPSRY,2004,59.393166
NLD,BUPPSRY,2005,59.522655
NLD,BUPPSRY,2006,60.575214
NLD,BUPPSRY,2007,61.925087
NLD,BUPPSRY,2008,63.663345
NLD,BUPPSRY,2009,63.551643
NLD,BUPPSRY,2010,61.14333
NLD,BUPPSRY,2011,61.978111
NLD,BUPPSRY,2012,62.122772
NLD,BUPPSRY,2013,60.723915
NLD,BUPPSRY,2014,58.752262
NLD,BUPPSRY,2015,59.960529
NLD,BUPPSRY,2016,60.713444
NLD,BUPPSRY,2017,61.267605
NLD,BUPPSRY,2018,62.589851
NLD,BUPPSRY,2019,63.329094
NLD,BUPPSRY,2020,63.122547
NLD,BUPPSRY,2021,66.43589
AUT,TRY,2004,81.182159
AUT,TRY,2005,82.9729
AUT,TRY,2006,84.034286
AUT,TRY,2007,85.274979
AUT,TRY,2008,85.311211
AUT,TRY,2009,85.076073
AUT,TRY,2010,84.857811
AUT,TRY,2011,85.419113
AUT,TRY,2012,86.004967
AUT,TRY,2013,85.748413
AUT,TRY,2014,85.321945
AUT,TRY,2015,85.35099
AUT,TRY,2016,86.212219
AUT,TRY,2017,86.44706
AUT,TRY,2018,86.282066
AUT,TRY,2019,86.463249
AUT,TRY,2020,86.016808
AUT,TRY,2021,86.185944
LUX,UPPSRY_NTRY,2000,73.170044
LUX,UPPSRY_NTRY,2005,71.744423
LUX,UPPSRY_NTRY,2006,73.382835
LUX,UPPSRY_NTRY,2007,73.94059
LUX,UPPSRY_NTRY,2008,70.749275
LUX,UPPSRY_NTRY,2009,70.174324
LUX,UPPSRY_NTRY,2010,72.126091
LUX,UPPSRY_NTRY,2011,70.37072
LUX,UPPSRY_NTRY,2012,71.86795
LUX,UPPSRY_NTRY,2013,70.771301
LUX,UPPSRY_NTRY,2014,72.129761
LUX,UPPSRY_NTRY,2015,71.802605
LUX,UPPSRY_NTRY,2016,70.504211
LUX,UPPSRY_NTRY,2017,74.798195
LUX,UPPSRY_NTRY,2018,74.543434
LUX,UPPSRY_NTRY,2019,74.739479
LUX,UPPSRY_NTRY,2020,74.867989
LUX,UPPSRY_NTRY,2021,72.289368
PRT,BUPPSRY,1994,67.286644
PRT,BUPPSRY,1995,67.151115
PRT,BUPPSRY,1998,71.552879
PRT,BUPPSRY,1999,71.825294
PRT,BUPPSRY,2000,72.816544
PRT,BUPPSRY,2001,73.12545
PRT,BUPPSRY,2002,72.964134
PRT,BUPPSRY,2003,72.351944
PRT,BUPPSRY,2004,71.897057
PRT,BUPPSRY,2005,71.476646
PRT,BUPPSRY,2006,71.702599
PRT,BUPPSRY,2007,71.578384
PRT,BUPPSRY,2008,71.708557
PRT,BUPPSRY,2009,69.000137
PRT,BUPPSRY,2010,68.210884
PRT,BUPPSRY,2011,65.928818
PRT,BUPPSRY,2012,63.18148
PRT,BUPPSRY,2013,61.807949
PRT,BUPPSRY,2014,60.243687
PRT,BUPPSRY,2015,61.999107
PRT,BUPPSRY,2016,63.326221
PRT,BUPPSRY,2017,66.630455
PRT,BUPPSRY,2018,68.628967
PRT,BUPPSRY,2019,68.98822
PRT,BUPPSRY,2020,68.479317
PRT,BUPPSRY,2021,69.907143
SVN,TRY,2000,86.084763
SVN,TRY,2002,86.060104
SVN,TRY,2003,86.073631
SVN,TRY,2004,86.81031
SVN,TRY,2005,86.963692
SVN,TRY,2006,88.171173
SVN,TRY,2007,87.654411
SVN,TRY,2008,87.860756
SVN,TRY,2009,88.38195
SVN,TRY,2010,87.317764
SVN,TRY,2011,86.415886
SVN,TRY,2012,85.092415
SVN,TRY,2013,83.792725
SVN,TRY,2014,83.187988
SVN,TRY,2015,84.415833
SVN,TRY,2016,85.174232
SVN,TRY,2017,86.597931
SVN,TRY,2018,88.878952
SVN,TRY,2019,90.312386
SVN,TRY,2020,90.399612
SVN,TRY,2021,89.71
SVN,BUPPSRY,2000,53.375412
SVN,BUPPSRY,2002,55.630177
SVN,BUPPSRY,2003,54.237309
SVN,BUPPSRY,2004,55.915066
SVN,BUPPSRY,2005,56.059303
SVN,BUPPSRY,2006,55.910934
SVN,BUPPSRY,2007,56.216133
SVN,BUPPSRY,2008,54.957649
SVN,BUPPSRY,2009,53.66087
SVN,BUPPSRY,2010,51.082619
SVN,BUPPSRY,2011,46.672646
SVN,BUPPSRY,2012,47.193939
SVN,BUPPSRY,2013,45.486839
SVN,BUPPSRY,2014,48.500076
SVN,BUPPSRY,2015,48.964321
SVN,BUPPSRY,2016,46.098511
SVN,BUPPSRY,2017,45.92458
SVN,BUPPSRY,2018,51.293549
SVN,BUPPSRY,2019,50.619339
SVN,BUPPSRY,2020,48.289345
SVN,BUPPSRY,2021,49.83
DNK,UPPSRY_NTRY,1981,82.837196
DNK,UPPSRY_NTRY,1988,83.71212
DNK,UPPSRY_NTRY,1991,80.894974
DNK,UPPSRY_NTRY,1992,80.804176
DNK,UPPSRY_NTRY,1994,79.862686
DNK,UPPSRY_NTRY,1995,80.470116
DNK,UPPSRY_NTRY,1998,79.116905
DNK,UPPSRY_NTRY,1999,80.734215
DNK,UPPSRY_NTRY,2000,80.931572
DNK,UPPSRY_NTRY,2001,80.952553
DNK,UPPSRY_NTRY,2002,80.331329
DNK,UPPSRY_NTRY,2003,79.761818
DNK,UPPSRY_NTRY,2004,79.827087
DNK,UPPSRY_NTRY,2005,79.935875
DNK,UPPSRY_NTRY,2006,81.282875
DNK,UPPSRY_NTRY,2007,82.279282
DNK,UPPSRY_NTRY,2008,81.370178
DNK,UPPSRY_NTRY,2009,78.272186
DNK,UPPSRY_NTRY,2010,77.806847
DNK,UPPSRY_NTRY,2011,77.94986
DNK,UPPSRY_NTRY,2012,77.52253
DNK,UPPSRY_NTRY,2013,77.874519
DNK,UPPSRY_NTRY,2014,78.09037
DNK,UPPSRY_NTRY,2015,79.556328
DNK,UPPSRY_NTRY,2016,79.909019
DNK,UPPSRY_NTRY,2017,80.767326
DNK,UPPSRY_NTRY,2018,81.561127
DNK,UPPSRY_NTRY,2019,82.051392
DNK,UPPSRY_NTRY,2020,80.746338
DNK,UPPSRY_NTRY,2021,81.850777
JPN,TRY,1997,80.688339
JPN,TRY,1998,79.46048
JPN,TRY,1999,79.202538
JPN,TRY,2000,79.043961
JPN,TRY,2001,79.949562
JPN,TRY,2002,79.184807
JPN,TRY,2003,79.232857
JPN,TRY,2004,79.276932
JPN,TRY,2005,79.389313
JPN,TRY,2006,79.81118
JPN,TRY,2007,80.144402
JPN,TRY,2008,79.749916
JPN,TRY,2009,79.746834
JPN,TRY,2010,79.517265
JPN,TRY,2011,79.573174
JPN,TRY,2012,79.766914
JPN,TRY,2013,80.867592
JPN,TRY,2014,81.603622
JPN,TRY,2015,82.291
JPN,TRY,2016,83.333336
JPN,TRY,2017,84.042557
JPN,TRY,2018,85.335411
JPN,TRY,2019,86.019836
JPN,TRY,2020,86.036583
JPN,TRY,2021,86.121841
CZE,TRY,1994,90.673035
CZE,TRY,1995,91.861259
CZE,TRY,1997,89.319771
CZE,TRY,1998,88.654297
CZE,TRY,1999,87.393341
CZE,TRY,2000,86.837059
CZE,TRY,2001,87.750053
CZE,TRY,2002,87.063774
CZE,TRY,2003,86.460495
CZE,TRY,2004,86.382202
CZE,TRY,2005,85.798317
CZE,TRY,2006,85.073532
CZE,TRY,2007,85.218811
CZE,TRY,2008,85.116821
CZE,TRY,2009,84.264351
CZE,TRY,2010,83.333153
CZE,TRY,2011,83.094688
CZE,TRY,2012,83.56321
CZE,TRY,2013,84.885902
CZE,TRY,2014,84.497963
CZE,TRY,2015,84.831734
CZE,TRY,2016,85.599098
CZE,TRY,2017,86.036484
CZE,TRY,2018,87.262779
CZE,TRY,2019,86.606911
CZE,TRY,2020,85.621941
CZE,TRY,2021,86.516075
PRT,TRY,1994,90.123001
PRT,TRY,1995,89.020508
PRT,TRY,1998,89.35424
PRT,TRY,1999,89.957069
PRT,TRY,2000,90.606468
PRT,TRY,2001,90.815102
PRT,TRY,2002,88.576721
PRT,TRY,2003,87.495903
PRT,TRY,2004,88.006653
PRT,TRY,2005,87.309158
PRT,TRY,2006,86.410294
PRT,TRY,2007,85.943375
PRT,TRY,2008,86.722115
PRT,TRY,2009,86.702446
PRT,TRY,2010,85.388908
PRT,TRY,2011,83.354813
PRT,TRY,2012,81.837296
PRT,TRY,2013,80.21447
PRT,TRY,2014,82.502396
PRT,TRY,2015,83.632805
PRT,TRY,2016,85.010117
PRT,TRY,2017,86.72818
PRT,TRY,2018,88.341423
PRT,TRY,2019,88.488724
PRT,TRY,2020,87.931183
PRT,TRY,2021,89.740768
ISL,UPPSRY_NTRY,2003,89.752701
ISL,UPPSRY_NTRY,2004,88.493721
ISL,UPPSRY_NTRY,2005,88.908348
ISL,UPPSRY_NTRY,2006,89.358322
ISL,UPPSRY_NTRY,2007,89.511948
ISL,UPPSRY_NTRY,2008,87.207062
ISL,UPPSRY_NTRY,2009,83.64772
ISL,UPPSRY_NTRY,2010,81.599663
ISL,UPPSRY_NTRY,2011,82.494347
ISL,UPPSRY_NTRY,2012,83.891525
ISL,UPPSRY_NTRY,2013,84.997749
ISL,UPPSRY_NTRY,2014,84.965332
ISL,UPPSRY_NTRY,2015,86.394966
ISL,UPPSRY_NTRY,2016,86.499107
ISL,UPPSRY_NTRY,2017,87.784927
ISL,UPPSRY_NTRY,2018,85.214729
ISL,UPPSRY_NTRY,2019,84.531822
ISL,UPPSRY_NTRY,2020,81.447174
ISL,UPPSRY_NTRY,2021,82.324173
OAVG,BUPPSRY,1995,57.66068
OAVG,BUPPSRY,1998,55.468965
OAVG,BUPPSRY,1999,55.154235
OAVG,BUPPSRY,2000,54.490719
OAVG,BUPPSRY,2001,55.638376
OAVG,BUPPSRY,2002,55.015654
OAVG,BUPPSRY,2003,56.193619
OAVG,BUPPSRY,2004,56.276657
OAVG,BUPPSRY,2005,56.290888
OAVG,BUPPSRY,2006,57.52231
OAVG,BUPPSRY,2007,57.969394
OAVG,BUPPSRY,2008,57.642614
OAVG,BUPPSRY,2009,55.464429
OAVG,BUPPSRY,2010,54.410024
OAVG,BUPPSRY,2011,54.55543
OAVG,BUPPSRY,2012,54.429122
OAVG,BUPPSRY,2013,54.494625
OAVG,BUPPSRY,2014,55.744686
OAVG,BUPPSRY,2015,56.254118
OAVG,BUPPSRY,2016,56.722147
OAVG,BUPPSRY,2017,57.920604
OAVG,BUPPSRY,2018,58.673499
OAVG,BUPPSRY,2019,58.89869
OAVG,BUPPSRY,2020,57.473597
OAVG,BUPPSRY,2021,57.821336
BEL,UPPSRY_NTRY,1989,75.044487
BEL,UPPSRY_NTRY,1991,75.237045
BEL,UPPSRY_NTRY,1992,75.079285
BEL,UPPSRY_NTRY,1994,72.841629
BEL,UPPSRY_NTRY,1995,72.07476
BEL,UPPSRY_NTRY,2000,75.092308
BEL,UPPSRY_NTRY,2001,73.902603
BEL,UPPSRY_NTRY,2002,73.819321
BEL,UPPSRY_NTRY,2003,72.764198
BEL,UPPSRY_NTRY,2004,73.063675
BEL,UPPSRY_NTRY,2005,73.987434
BEL,UPPSRY_NTRY,2006,73.192039
BEL,UPPSRY_NTRY,2007,74.18573
BEL,UPPSRY_NTRY,2008,74.738068
BEL,UPPSRY_NTRY,2009,74.008049
BEL,UPPSRY_NTRY,2010,74.490921
BEL,UPPSRY_NTRY,2011,74.001999
BEL,UPPSRY_NTRY,2012,73.492508
BEL,UPPSRY_NTRY,2013,73.590157
BEL,UPPSRY_NTRY,2014,72.793587
BEL,UPPSRY_NTRY,2015,72.179436
BEL,UPPSRY_NTRY,2016,72.983177
BEL,UPPSRY_NTRY,2017,73.307259
BEL,UPPSRY_NTRY,2018,74.1306
BEL,UPPSRY_NTRY,2019,74.593086
BEL,UPPSRY_NTRY,2020,73.420418
BEL,UPPSRY_NTRY,2021,72.769821
CZE,BUPPSRY,1994,55.94545
CZE,BUPPSRY,1995,55.585411
CZE,BUPPSRY,1997,51.074863
CZE,BUPPSRY,1998,49.501915
CZE,BUPPSRY,1999,46.921894
CZE,BUPPSRY,2000,46.878235
CZE,BUPPSRY,2001,46.677689
CZE,BUPPSRY,2002,45.287331
CZE,BUPPSRY,2003,45.96307
CZE,BUPPSRY,2004,42.303959
CZE,BUPPSRY,2005,41.195751
CZE,BUPPSRY,2006,43.939117
CZE,BUPPSRY,2007,45.668751
CZE,BUPPSRY,2008,46.547138
CZE,BUPPSRY,2009,43.948586
CZE,BUPPSRY,2010,43.15493
CZE,BUPPSRY,2011,42.19772
CZE,BUPPSRY,2012,40.431568
CZE,BUPPSRY,2013,41.836891
CZE,BUPPSRY,2014,43.02264
CZE,BUPPSRY,2015,41.919285
CZE,BUPPSRY,2016,45.122135
CZE,BUPPSRY,2017,50.521461
CZE,BUPPSRY,2018,52.233006
CZE,BUPPSRY,2019,55.278542
CZE,BUPPSRY,2020,57.004353
CZE,BUPPSRY,2021,55.651592
OAVG,TRY,1995,83.528082
OAVG,TRY,1997,83.231458
OAVG,TRY,1998,83.411681
OAVG,TRY,1999,83.068562
OAVG,TRY,2000,83.646744
OAVG,TRY,2001,83.836471
OAVG,TRY,2002,83.446665
OAVG,TRY,2003,83.578273
OAVG,TRY,2004,83.528714
OAVG,TRY,2005,84.228368
OAVG,TRY,2006,84.754958
OAVG,TRY,2007,84.925167
OAVG,TRY,2008,84.82686
OAVG,TRY,2009,83.808446
OAVG,TRY,2010,83.20186
OAVG,TRY,2011,83.201661
OAVG,TRY,2012,83.270747
OAVG,TRY,2013,83.208864
OAVG,TRY,2014,83.366845
OAVG,TRY,2015,83.781566
OAVG,TRY,2016,84.241196
OAVG,TRY,2017,84.756621
OAVG,TRY,2018,85.214266
OAVG,TRY,2019,85.573694
OAVG,TRY,2020,84.551066
OAVG,TRY,2021,85.435486
LVA,BUPPSRY,1996,38.830215
LVA,BUPPSRY,1997,45.49308
LVA,BUPPSRY,1998,43.742031
LVA,BUPPSRY,1999,41.322517
LVA,BUPPSRY,2000,40.365482
LVA,BUPPSRY,2001,46.780468
LVA,BUPPSRY,2002,47.951
LVA,BUPPSRY,2003,48.767609
LVA,BUPPSRY,2004,48.595268
LVA,BUPPSRY,2005,50.311817
LVA,BUPPSRY,2006,54.311527
LVA,BUPPSRY,2007,59.257423
LVA,BUPPSRY,2008,57.436234
LVA,BUPPSRY,2009,48.141289
LVA,BUPPSRY,2010,47.062054
LVA,BUPPSRY,2011,48.480335
LVA,BUPPSRY,2012,51.792015
LVA,BUPPSRY,2013,50.888634
LVA,BUPPSRY,2014,54.105034
LVA,BUPPSRY,2015,56.425018
LVA,BUPPSRY,2016,58.827591
LVA,BUPPSRY,2017,61.445526
LVA,BUPPSRY,2018,61.97654
LVA,BUPPSRY,2019,64.924088
LVA,BUPPSRY,2020,64.772354
LVA,BUPPSRY,2021,61.950157
NZL,TRY,1981,80.668991
NZL,TRY,1990,78.059586
NZL,TRY,1991,80.108696
NZL,TRY,1992,81.200104
NZL,TRY,1994,82.677162
NZL,TRY,1995,81.505806
NZL,TRY,1997,82.370399
NZL,TRY,1998,81.462387
NZL,TRY,1999,81.896866
NZL,TRY,2000,82.212578
NZL,TRY,2001,83.60714
NZL,TRY,2002,83.004349
NZL,TRY,2003,82.737076
NZL,TRY,2004,83.3955
NZL,TRY,2005,84.097366
NZL,TRY,2006,84.499748
NZL,TRY,2007,83.715759
NZL,TRY,2008,84.524803
NZL,TRY,2009,83.979782
NZL,TRY,2010,83.764519
NZL,TRY,2011,84.363251
NZL,TRY,2012,83.918861
NZL,TRY,2013,85.759773
NZL,TRY,2014,87.229301
NZL,TRY,2015,87.458748
NZL,TRY,2016,87.252823
NZL,TRY,2017,88.607033
NZL,TRY,2018,88.085152
NZL,TRY,2019,88.311958
NZL,TRY,2020,87.897606
NZL,TRY,2021,88.977936
DEU,UPPSRY_NTRY,1989,68.458542
DEU,UPPSRY_NTRY,1991,72.35878
DEU,UPPSRY_NTRY,1992,71.75132
DEU,UPPSRY_NTRY,1994,70.181198
DEU,UPPSRY_NTRY,1995,70.956406
DEU,UPPSRY_NTRY,1997,68.222221
DEU,UPPSRY_NTRY,1998,67.916527
DEU,UPPSRY_NTRY,1999,69.875267
DEU,UPPSRY_NTRY,2000,70.378204
DEU,UPPSRY_NTRY,2001,70.535309
DEU,UPPSRY_NTRY,2002,70.330383
DEU,UPPSRY_NTRY,2003,69.734657
DEU,UPPSRY_NTRY,2004,69.45546
DEU,UPPSRY_NTRY,2005,70.591591
DEU,UPPSRY_NTRY,2006,72.533493
DEU,UPPSRY_NTRY,2007,74.382507
DEU,UPPSRY_NTRY,2008,75.336967
DEU,UPPSRY_NTRY,2009,75.499069
DEU,UPPSRY_NTRY,2010,76.321815
DEU,UPPSRY_NTRY,2011,77.594276
DEU,UPPSRY_NTRY,2012,78.183426
DEU,UPPSRY_NTRY,2013,78.824455
DEU,UPPSRY_NTRY,2014,79.660805
DEU,UPPSRY_NTRY,2015,79.915161
DEU,UPPSRY_NTRY,2016,80.961189
DEU,UPPSRY_NTRY,2017,81.59716
DEU,UPPSRY_NTRY,2018,82.278389
DEU,UPPSRY_NTRY,2019,82.785255
DEU,UPPSRY_NTRY,2020,82.157883
DEU,UPPSRY_NTRY,2021,81.660042
SWE,TRY,1981,92.399086
SWE,TRY,1989,94.84536
SWE,TRY,1991,94.205208
SWE,TRY,1992,92.72493
SWE,TRY,1994,89.169609
SWE,TRY,1995,89.021278
SWE,TRY,1997,85.04789
SWE,TRY,1998,85.486671
SWE,TRY,1999,85.57621
SWE,TRY,2000,86.682968
SWE,TRY,2001,86.905029
SWE,TRY,2002,86.493332
SWE,TRY,2003,85.805298
SWE,TRY,2004,85.397186
SWE,TRY,2005,87.30426
SWE,TRY,2006,87.245148
SWE,TRY,2007,88.542068
SWE,TRY,2008,89.129097
SWE,TRY,2009,88.029755
SWE,TRY,2010,87.688011
SWE,TRY,2011,88.672157
SWE,TRY,2012,88.743256
SWE,TRY,2013,89.16275
SWE,TRY,2014,88.982208
SWE,TRY,2015,89.265251
SWE,TRY,2016,89.555557
SWE,TRY,2017,89.491867
SWE,TRY,2018,89.826408
SWE,TRY,2019,90.267899
SWE,TRY,2020,89.290382
SWE,TRY,2021,89.115112
FRA,TRY,1981,85.391571
FRA,TRY,1989,86.34095
FRA,TRY,1991,84.780327
FRA,TRY,1992,83.850479
FRA,TRY,1994,81.799568
FRA,TRY,1995,82.043213
FRA,TRY,1997,81.335442
FRA,TRY,1998,81.578934
FRA,TRY,1999,81.826332
FRA,TRY,2000,83.199219
FRA,TRY,2001,83.749779
FRA,TRY,2002,83.337845
FRA,TRY,2003,83.293671
FRA,TRY,2004,82.947655
FRA,TRY,2005,82.958748
FRA,TRY,2006,83.028023
FRA,TRY,2007,83.373955
FRA,TRY,2008,84.568871
FRA,TRY,2009,83.497665
FRA,TRY,2010,83.601295
FRA,TRY,2011,83.85379
FRA,TRY,2012,84.367378
FRA,TRY,2013,84.391151
FRA,TRY,2014,83.842064
FRA,TRY,2015,83.858223
FRA,TRY,2016,84.971085
FRA,TRY,2017,85.156898
FRA,TRY,2018,84.914436
FRA,TRY,2019,85.562065
FRA,TRY,2020,84.995026
FRA,TRY,2021,86.304695
GBR,UPPSRY_NTRY,1997,79.218559
GBR,UPPSRY_NTRY,1998,80.131256
GBR,UPPSRY_NTRY,1999,80.507446
GBR,UPPSRY_NTRY,2000,81.101631
GBR,UPPSRY_NTRY,2001,80.969528
GBR,UPPSRY_NTRY,2002,81.046165
GBR,UPPSRY_NTRY,2003,81.48317
GBR,UPPSRY_NTRY,2004,81.27282
GBR,UPPSRY_NTRY,2005,81.541336
GBR,UPPSRY_NTRY,2006,81.555374
GBR,UPPSRY_NTRY,2007,82.311554
GBR,UPPSRY_NTRY,2008,80.075142
GBR,UPPSRY_NTRY,2009,78.278038
GBR,UPPSRY_NTRY,2010,78.149933
GBR,UPPSRY_NTRY,2011,78.200439
GBR,UPPSRY_NTRY,2012,78.788223
GBR,UPPSRY_NTRY,2013,78.741623
GBR,UPPSRY_NTRY,2014,79.977501
GBR,UPPSRY_NTRY,2015,79.996025
GBR,UPPSRY_NTRY,2016,80.095856
GBR,UPPSRY_NTRY,2017,81.025444
GBR,UPPSRY_NTRY,2018,81.076607
GBR,UPPSRY_NTRY,2019,81.382515
GBR,UPPSRY_NTRY,2020,80.407974
GBR,UPPSRY_NTRY,2021,79.489334
LVA,TRY,1996,78.142929
LVA,TRY,1997,79.3685
LVA,TRY,1998,80.764458
LVA,TRY,1999,79.607506
LVA,TRY,2000,80.655174
LVA,TRY,2001,83.193939
LVA,TRY,2002,82.150406
LVA,TRY,2003,82.426674
LVA,TRY,2004,83.318512
LVA,TRY,2005,83.860184
LVA,TRY,2006,86.618645
LVA,TRY,2007,87.816917
LVA,TRY,2008,87.447395
LVA,TRY,2009,83.478912
LVA,TRY,2010,80.679451
LVA,TRY,2011,84.378738
LVA,TRY,2012,86.206024
LVA,TRY,2013,85.222244
LVA,TRY,2014,84.241226
LVA,TRY,2015,85.839233
LVA,TRY,2016,87.164864
LVA,TRY,2017,87.564568
LVA,TRY,2018,89.074181
LVA,TRY,2019,89.259491
LVA,TRY,2020,86.765167
LVA,TRY,2021,85.941711
SVK,UPPSRY_NTRY,1997,75.89325
SVK,UPPSRY_NTRY,1998,75.052551
SVK,UPPSRY_NTRY,1999,72.4674
SVK,UPPSRY_NTRY,2000,70.631248
SVK,UPPSRY_NTRY,2001,70.176605
SVK,UPPSRY_NTRY,2002,70.455505
SVK,UPPSRY_NTRY,2003,71.219193
SVK,UPPSRY_NTRY,2004,70.273842
SVK,UPPSRY_NTRY,2005,70.792473
SVK,UPPSRY_NTRY,2006,71.914993
SVK,UPPSRY_NTRY,2007,73.156708
SVK,UPPSRY_NTRY,2008,74.797981
SVK,UPPSRY_NTRY,2009,71.99398
SVK,UPPSRY_NTRY,2010,69.939819
SVK,UPPSRY_NTRY,2011,70.134682
SVK,UPPSRY_NTRY,2012,70.252365
SVK,UPPSRY_NTRY,2013,69.917427
SVK,UPPSRY_NTRY,2014,71.11071
SVK,UPPSRY_NTRY,2015,72.606094
SVK,UPPSRY_NTRY,2016,74.301598
SVK,UPPSRY_NTRY,2017,75.367386
SVK,UPPSRY_NTRY,2018,76.875427
SVK,UPPSRY_NTRY,2019,78.388824
SVK,UPPSRY_NTRY,2020,76.962738
SVK,UPPSRY_NTRY,2021,78.837906
NZL,BUPPSRY,1981,66.543015
NZL,BUPPSRY,1990,61.354755
NZL,BUPPSRY,1991,60.425709
NZL,BUPPSRY,1992,59.50655
NZL,BUPPSRY,1994,60.182285
NZL,BUPPSRY,1995,63.217003
NZL,BUPPSRY,1997,63.135017
NZL,BUPPSRY,1998,62.429726
NZL,BUPPSRY,1999,63.565891
NZL,BUPPSRY,2000,64.795921
NZL,BUPPSRY,2001,65.96241
NZL,BUPPSRY,2002,67.086914
NZL,BUPPSRY,2003,67.406067
NZL,BUPPSRY,2004,68.893494
NZL,BUPPSRY,2005,69.995422
NZL,BUPPSRY,2006,70.357254
NZL,BUPPSRY,2007,71.000168
NZL,BUPPSRY,2008,70.518951
NZL,BUPPSRY,2009,69.012177
NZL,BUPPSRY,2010,68.435654
NZL,BUPPSRY,2011,68.011421
NZL,BUPPSRY,2012,68.280144
NZL,BUPPSRY,2013,68.414581
NZL,BUPPSRY,2014,70.867348
NZL,BUPPSRY,2015,69.111115
NZL,BUPPSRY,2016,71.655121
NZL,BUPPSRY,2017,72.886696
NZL,BUPPSRY,2018,72.096405
NZL,BUPPSRY,2019,71.739586
NZL,BUPPSRY,2020,70.753769
NZL,BUPPSRY,2021,71.532417
CHE,TRY,1989,89.68119
CHE,TRY,1991,90.475708
CHE,TRY,1992,89.794479
CHE,TRY,1994,88.274429
CHE,TRY,1995,90.198669
CHE,TRY,1997,89.109146
CHE,TRY,1998,90.316689
CHE,TRY,1999,90.658318
CHE,TRY,2000,90.403908
CHE,TRY,2001,91.333633
CHE,TRY,2002,90.575165
CHE,TRY,2003,89.6521
CHE,TRY,2004,89.670784
CHE,TRY,2005,90.017555
CHE,TRY,2006,90.179916
CHE,TRY,2007,89.997292
CHE,TRY,2008,90.469116
CHE,TRY,2009,89.604568
CHE,TRY,2010,87.327576
CHE,TRY,2011,87.892036
CHE,TRY,2012,88.552856
CHE,TRY,2013,88.081001
CHE,TRY,2014,88.040604
CHE,TRY,2015,88.198875
CHE,TRY,2016,88.492294
CHE,TRY,2017,88.253677
CHE,TRY,2018,88.679741
CHE,TRY,2019,89.3713
CHE,TRY,2020,88.934608
CHE,TRY,2021,88.962387
USA,UPPSRY_NTRY,1981,71.369842
USA,UPPSRY_NTRY,1982,69.661493
USA,UPPSRY_NTRY,1983,68.645998
USA,UPPSRY_NTRY,1984,71.014016
USA,UPPSRY_NTRY,1985,72.354134
USA,UPPSRY_NTRY,1986,72.188388
USA,UPPSRY_NTRY,1987,73.265437
USA,UPPSRY_NTRY,1988,74.343229
USA,UPPSRY_NTRY,1989,75.668225
USA,UPPSRY_NTRY,1990,75.806028
USA,UPPSRY_NTRY,1991,74.379862
USA,UPPSRY_NTRY,1992,73.351265
USA,UPPSRY_NTRY,1993,73.327965
USA,UPPSRY_NTRY,1994,73.922516
USA,UPPSRY_NTRY,1995,74.43557
USA,UPPSRY_NTRY,1996,75.092949
USA,UPPSRY_NTRY,1997,75.740555
USA,UPPSRY_NTRY,1998,75.792206
USA,UPPSRY_NTRY,1999,76.237419
USA,UPPSRY_NTRY,2000,76.681938
USA,UPPSRY_NTRY,2001,76.021034
USA,UPPSRY_NTRY,2002,74.017136
USA,UPPSRY_NTRY,2003,73.312019
USA,UPPSRY_NTRY,2004,72.83976
USA,UPPSRY_NTRY,2005,72.789757
USA,UPPSRY_NTRY,2006,73.348991
USA,UPPSRY_NTRY,2007,73.612854
USA,UPPSRY_NTRY,2008,72.827103
USA,UPPSRY_NTRY,2009,68.887581
USA,UPPSRY_NTRY,2010,67.935326
USA,UPPSRY_NTRY,2011,67.125801
USA,UPPSRY_NTRY,2012,67.468834
USA,UPPSRY_NTRY,2013,67.758492
USA,UPPSRY_NTRY,2014,67.88089
USA,UPPSRY_NTRY,2015,68.645622
USA,UPPSRY_NTRY,2016,68.829735
USA,UPPSRY_NTRY,2017,69.978073
USA,UPPSRY_NTRY,2018,69.980186
USA,UPPSRY_NTRY,2019,71.045883
USA,UPPSRY_NTRY,2020,69.037971
USA,UPPSRY_NTRY,2021,66.738869
AUS,TRY,1989,76.489265
AUS,TRY,1991,75.202911
AUS,TRY,1993,82.031517
AUS,TRY,1994,82.405853
AUS,TRY,1995,83.269669
AUS,TRY,1997,83.351204
AUS,TRY,1998,83.751465
AUS,TRY,1999,81.962997
AUS,TRY,2000,82.878609
AUS,TRY,2001,83.107796
AUS,TRY,2002,83.477089
AUS,TRY,2003,83.229851
AUS,TRY,2004,83.272232
AUS,TRY,2005,84.412949
AUS,TRY,2006,84.353523
AUS,TRY,2007,84.823486
AUS,TRY,2008,83.105896
AUS,TRY,2009,84.255821
AUS,TRY,2010,84.019539
AUS,TRY,2011,84.305344
AUS,TRY,2012,84.437431
AUS,TRY,2013,83.484528
AUS,TRY,2014,82.947945
AUS,TRY,2015,83.097328
AUS,TRY,2016,83.515259
AUS,TRY,2017,83.951401
AUS,TRY,2018,84.066086
AUS,TRY,2019,84.568695
AUS,TRY,2020,81.466423
AUS,TRY,2021,85.512535
KOR,UPPSRY_NTRY,1995,71.229935
KOR,UPPSRY_NTRY,1997,71.698799
KOR,UPPSRY_NTRY,1998,66.465599
KOR,UPPSRY_NTRY,1999,66.404625
KOR,UPPSRY_NTRY,2000,68.740852
KOR,UPPSRY_NTRY,2001,69.436409
KOR,UPPSRY_NTRY,2002,70.557007
KOR,UPPSRY_NTRY,2003,69.620415
KOR,UPPSRY_NTRY,2004,70.199181
KOR,UPPSRY_NTRY,2005,70.131943
KOR,UPPSRY_NTRY,2006,70.428894
KOR,UPPSRY_NTRY,2007,70.848465
KOR,UPPSRY_NTRY,2008,70.694626
KOR,UPPSRY_NTRY,2009,69.174683
KOR,UPPSRY_NTRY,2010,70.131836
KOR,UPPSRY_NTRY,2011,70.7957
KOR,UPPSRY_NTRY,2012,70.957237
KOR,UPPSRY_NTRY,2013,71.23275
KOR,UPPSRY_NTRY,2014,72.231895
KOR,UPPSRY_NTRY,2015,72.502853
KOR,UPPSRY_NTRY,2016,72.534996
KOR,UPPSRY_NTRY,2017,73.04821
KOR,UPPSRY_NTRY,2018,72.433052
KOR,UPPSRY_NTRY,2019,72.20945
KOR,UPPSRY_NTRY,2020,70.40477
KOR,UPPSRY_NTRY,2021,69.96904
AUS,BUPPSRY,1989,57.808041
AUS,BUPPSRY,1991,52.844791
AUS,BUPPSRY,1993,57.816246
AUS,BUPPSRY,1994,59.492508
AUS,BUPPSRY,1995,60.216778
AUS,BUPPSRY,1997,59.477005
AUS,BUPPSRY,1998,59.454018
AUS,BUPPSRY,1999,59.088787
AUS,BUPPSRY,2000,60.819241
AUS,BUPPSRY,2001,59.895683
AUS,BUPPSRY,2002,60.002323
AUS,BUPPSRY,2003,61.008137
AUS,BUPPSRY,2004,60.640072
AUS,BUPPSRY,2005,62.907692
AUS,BUPPSRY,2006,63.472088
AUS,BUPPSRY,2007,63.865177
AUS,BUPPSRY,2008,61.529007
AUS,BUPPSRY,2009,66.119377
AUS,BUPPSRY,2010,65.07019
AUS,BUPPSRY,2011,65.794937
AUS,BUPPSRY,2012,66.24485
AUS,BUPPSRY,2013,60.332756
AUS,BUPPSRY,2014,59.668468
AUS,BUPPSRY,2015,58.48666
AUS,BUPPSRY,2016,58.07053
AUS,BUPPSRY,2017,58.893112
AUS,BUPPSRY,2018,60.128365
AUS,BUPPSRY,2019,61.919876
AUS,BUPPSRY,2020,56.469299
AUS,BUPPSRY,2021,59.654552
AUT,UPPSRY_NTRY,2004,72.127136
AUT,UPPSRY_NTRY,2005,72.82415
AUT,UPPSRY_NTRY,2006,73.169075
AUT,UPPSRY_NTRY,2007,74.221077
AUT,UPPSRY_NTRY,2008,75.710861
AUT,UPPSRY_NTRY,2009,75.334251
AUT,UPPSRY_NTRY,2010,75.857109
AUT,UPPSRY_NTRY,2011,75.619888
AUT,UPPSRY_NTRY,2012,75.85466
AUT,UPPSRY_NTRY,2013,76.202034
AUT,UPPSRY_NTRY,2014,75.902626
AUT,UPPSRY_NTRY,2015,75.731094
AUT,UPPSRY_NTRY,2016,75.909683
AUT,UPPSRY_NTRY,2017,76.641907
AUT,UPPSRY_NTRY,2018,77.626114
AUT,UPPSRY_NTRY,2019,78.067055
AUT,UPPSRY_NTRY,2020,76.374619
AUT,UPPSRY_NTRY,2021,75.872192
EST,UPPSRY_NTRY,1997,74.686195
EST,UPPSRY_NTRY,1998,73.835678
EST,UPPSRY_NTRY,1999,71.047562
EST,UPPSRY_NTRY,2000,68.715416
EST,UPPSRY_NTRY,2001,69.13546
EST,UPPSRY_NTRY,2002,70.491905
EST,UPPSRY_NTRY,2003,71.890823
EST,UPPSRY_NTRY,2004,70.74337
EST,UPPSRY_NTRY,2005,72.475014
EST,UPPSRY_NTRY,2006,77.78727
EST,UPPSRY_NTRY,2007,79.235893
EST,UPPSRY_NTRY,2008,79.473145
EST,UPPSRY_NTRY,2009,71.598534
EST,UPPSRY_NTRY,2010,68.764526
EST,UPPSRY_NTRY,2011,74.000694
EST,UPPSRY_NTRY,2012,74.336479
EST,UPPSRY_NTRY,2013,74.497719
EST,UPPSRY_NTRY,2014,75.218712
EST,UPPSRY_NTRY,2015,77.600029
EST,UPPSRY_NTRY,2016,76.856941
EST,UPPSRY_NTRY,2017,78.770027
EST,UPPSRY_NTRY,2018,79.915634
EST,UPPSRY_NTRY,2019,80.630501
EST,UPPSRY_NTRY,2020,79.383522
EST,UPPSRY_NTRY,2021,79.32415
DEU,BUPPSRY,1989,43.326099
DEU,BUPPSRY,1991,49.910133
DEU,BUPPSRY,1992,51.890175
DEU,BUPPSRY,1994,49.00457
DEU,BUPPSRY,1995,49.236652
DEU,BUPPSRY,1997,45.705223
DEU,BUPPSRY,1998,46.114658
DEU,BUPPSRY,1999,48.747017
DEU,BUPPSRY,2000,50.598801
DEU,BUPPSRY,2001,51.81617
DEU,BUPPSRY,2002,50.925064
DEU,BUPPSRY,2003,50.15181
DEU,BUPPSRY,2004,48.576359
DEU,BUPPSRY,2005,51.573818
DEU,BUPPSRY,2006,53.769577
DEU,BUPPSRY,2007,54.629837
DEU,BUPPSRY,2008,55.277187
DEU,BUPPSRY,2009,54.926422
DEU,BUPPSRY,2010,55.349537
DEU,BUPPSRY,2011,56.529499
DEU,BUPPSRY,2012,57.46994
DEU,BUPPSRY,2013,57.914753
DEU,BUPPSRY,2014,57.983791
DEU,BUPPSRY,2015,58.731674
DEU,BUPPSRY,2016,59.416393
DEU,BUPPSRY,2017,60.017593
DEU,BUPPSRY,2018,60.951149
DEU,BUPPSRY,2019,61.942692
DEU,BUPPSRY,2020,62.644703
DEU,BUPPSRY,2021,62.293205
POL,BUPPSRY,1995,50.019779
POL,BUPPSRY,1997,50.358292
POL,BUPPSRY,1998,49.118553
POL,BUPPSRY,1999,46.638458
POL,BUPPSRY,2000,42.803692
POL,BUPPSRY,2001,41.462479
POL,BUPPSRY,2002,39.140724
POL,BUPPSRY,2003,38.219894
POL,BUPPSRY,2004,37.475872
POL,BUPPSRY,2005,37.715935
POL,BUPPSRY,2006,38.645035
POL,BUPPSRY,2007,41.024372
POL,BUPPSRY,2008,42.95998
POL,BUPPSRY,2009,41.61322
POL,BUPPSRY,2010,39.91716
POL,BUPPSRY,2011,39.69817
POL,BUPPSRY,2012,39.762394
POL,BUPPSRY,2013,38.541565
POL,BUPPSRY,2014,39.246231
POL,BUPPSRY,2015,40.807873
POL,BUPPSRY,2016,40.736607
POL,BUPPSRY,2017,41.831684
POL,BUPPSRY,2018,43.071896
POL,BUPPSRY,2019,44.955994
POL,BUPPSRY,2020,46.915874
POL,BUPPSRY,2021,48.927746
ISR,TRY,2002,79.082726
ISR,TRY,2003,79.295395
ISR,TRY,2005,81.300407
ISR,TRY,2007,82.959091
ISR,TRY,2008,82.788483
ISR,TRY,2009,82.376495
ISR,TRY,2010,82.377548
ISR,TRY,2011,82.812759
ISR,TRY,2012,84.860222
ISR,TRY,2013,85.125191
ISR,TRY,2014,86.098755
ISR,TRY,2015,86.495628
ISR,TRY,2016,87.025414
ISR,TRY,2017,87.130043
ISR,TRY,2018,87.750999
ISR,TRY,2019,87.689819
ISR,TRY,2020,86.84687
ISR,TRY,2021,86.751892
SVN,UPPSRY_NTRY,2000,74.381706
SVN,UPPSRY_NTRY,2002,73.967361
SVN,UPPSRY_NTRY,2003,72.721985
SVN,UPPSRY_NTRY,2004,74.362457
SVN,UPPSRY_NTRY,2005,74.617165
SVN,UPPSRY_NTRY,2006,74.127296
SVN,UPPSRY_NTRY,2007,75.073624
SVN,UPPSRY_NTRY,2008,76.442299
SVN,UPPSRY_NTRY,2009,74.623276
SVN,UPPSRY_NTRY,2010,72.956429
SVN,UPPSRY_NTRY,2011,70.586128
SVN,UPPSRY_NTRY,2012,70.693443
SVN,UPPSRY_NTRY,2013,69.487602
SVN,UPPSRY_NTRY,2014,69.481331
SVN,UPPSRY_NTRY,2015,69.668999
SVN,UPPSRY_NTRY,2016,71.045151
SVN,UPPSRY_NTRY,2017,70.051704
SVN,UPPSRY_NTRY,2018,75.877327
SVN,UPPSRY_NTRY,2019,76.829208
SVN,UPPSRY_NTRY,2020,75.705383
SVN,UPPSRY_NTRY,2021,75.47
ISL,BUPPSRY,2003,82.235077
ISL,BUPPSRY,2004,80.536919
ISL,BUPPSRY,2005,81.776802
ISL,BUPPSRY,2006,83.606148
ISL,BUPPSRY,2007,83.548912
ISL,BUPPSRY,2008,83.020836
ISL,BUPPSRY,2009,76.828506
ISL,BUPPSRY,2010,73.048576
ISL,BUPPSRY,2011,71.832031
ISL,BUPPSRY,2012,69.791046
ISL,BUPPSRY,2013,71.450188
ISL,BUPPSRY,2014,73.621002
ISL,BUPPSRY,2015,75.956467
ISL,BUPPSRY,2016,76.700485
ISL,BUPPSRY,2017,74.514992
ISL,BUPPSRY,2018,73.969177
ISL,BUPPSRY,2019,73.532852
ISL,BUPPSRY,2020,70.414513
ISL,BUPPSRY,2021,71.241058
FRA,UPPSRY_NTRY,1981,80.28447
FRA,UPPSRY_NTRY,1989,78.299377
FRA,UPPSRY_NTRY,1991,78.320381
FRA,UPPSRY_NTRY,1992,77.088379
FRA,UPPSRY_NTRY,1994,75.060425
FRA,UPPSRY_NTRY,1995,75.709312
FRA,UPPSRY_NTRY,1997,75.048683
FRA,UPPSRY_NTRY,1998,74.951813
FRA,UPPSRY_NTRY,1999,75.086159
FRA,UPPSRY_NTRY,2000,75.211029
FRA,UPPSRY_NTRY,2001,76.543243
FRA,UPPSRY_NTRY,2002,76.666557
FRA,UPPSRY_NTRY,2003,76.327538
FRA,UPPSRY_NTRY,2004,75.695786
FRA,UPPSRY_NTRY,2005,75.694321
FRA,UPPSRY_NTRY,2006,75.567871
FRA,UPPSRY_NTRY,2007,75.668793
FRA,UPPSRY_NTRY,2008,75.786949
FRA,UPPSRY_NTRY,2009,74.769562
FRA,UPPSRY_NTRY,2010,74.399307
FRA,UPPSRY_NTRY,2011,73.725624
FRA,UPPSRY_NTRY,2012,73.535088
FRA,UPPSRY_NTRY,2013,73.329834
FRA,UPPSRY_NTRY,2014,72.7491
FRA,UPPSRY_NTRY,2015,72.580147
FRA,UPPSRY_NTRY,2016,72.904305
FRA,UPPSRY_NTRY,2017,73.024368
FRA,UPPSRY_NTRY,2018,73.486595
FRA,UPPSRY_NTRY,2019,73.19117
FRA,UPPSRY_NTRY,2020,72.472282
FRA,UPPSRY_NTRY,2021,74.272713
CAN,UPPSRY_NTRY,1981,73.500465
CAN,UPPSRY_NTRY,1990,76.466599
CAN,UPPSRY_NTRY,1991,74.607841
CAN,UPPSRY_NTRY,1992,73.154472
CAN,UPPSRY_NTRY,1993,72.074715
CAN,UPPSRY_NTRY,1994,72.82151
CAN,UPPSRY_NTRY,1995,73.042099
CAN,UPPSRY_NTRY,1996,73.03125
CAN,UPPSRY_NTRY,1997,73.905594
CAN,UPPSRY_NTRY,1998,74.442566
CAN,UPPSRY_NTRY,1999,75.252525
CAN,UPPSRY_NTRY,2000,75.989212
CAN,UPPSRY_NTRY,2001,75.422333
CAN,UPPSRY_NTRY,2002,75.865143
CAN,UPPSRY_NTRY,2003,76.30143
CAN,UPPSRY_NTRY,2004,76.647316
CAN,UPPSRY_NTRY,2005,76.264534
CAN,UPPSRY_NTRY,2006,75.969109
CAN,UPPSRY_NTRY,2007,76.485977
CAN,UPPSRY_NTRY,2008,76.343781
CAN,UPPSRY_NTRY,2009,73.720863
CAN,UPPSRY_NTRY,2010,73.987541
CAN,UPPSRY_NTRY,2011,74.153801
CAN,UPPSRY_NTRY,2012,74.628586
CAN,UPPSRY_NTRY,2013,74.619583
CAN,UPPSRY_NTRY,2014,73.893745
CAN,UPPSRY_NTRY,2015,73.532867
CAN,UPPSRY_NTRY,2016,73.611115
CAN,UPPSRY_NTRY,2017,74.156807
CAN,UPPSRY_NTRY,2018,74.461403
CAN,UPPSRY_NTRY,2019,74.549652
CAN,UPPSRY_NTRY,2020,70.191864
CAN,UPPSRY_NTRY,2021,72.431999
MEX,BUPPSRY,1997,61.777863
MEX,BUPPSRY,1998,61.269238
MEX,BUPPSRY,1999,61.402508
MEX,BUPPSRY,2000,60.739941
MEX,BUPPSRY,2001,60.503517
MEX,BUPPSRY,2002,61.252419
MEX,BUPPSRY,2003,60.856945
MEX,BUPPSRY,2004,62.248329
MEX,BUPPSRY,2005,62.575027
MEX,BUPPSRY,2006,63.417961
MEX,BUPPSRY,2007,63.406376
MEX,BUPPSRY,2008,63.312962
MEX,BUPPSRY,2009,62.741055
MEX,BUPPSRY,2010,62.701584
MEX,BUPPSRY,2011,63.173729
MEX,BUPPSRY,2012,64.190819
MEX,BUPPSRY,2013,64.121071
MEX,BUPPSRY,2014,63.824726
MEX,BUPPSRY,2015,64.448311
MEX,BUPPSRY,2016,64.834747
MEX,BUPPSRY,2017,64.624901
MEX,BUPPSRY,2018,65.053772
MEX,BUPPSRY,2019,65.604675
MEX,BUPPSRY,2020,62.620499
MEX,BUPPSRY,2021,63.501839
BEL,TRY,1989,86.369583
BEL,TRY,1991,85.070267
BEL,TRY,1992,84.933197
BEL,TRY,1994,83.707924
BEL,TRY,1995,83.713875
BEL,TRY,2000,85.308243
BEL,TRY,2001,84.477966
BEL,TRY,2002,83.739975
BEL,TRY,2003,83.600479
BEL,TRY,2004,83.871811
BEL,TRY,2005,84.186348
BEL,TRY,2006,83.597969
BEL,TRY,2007,84.898537
BEL,TRY,2008,84.71759
BEL,TRY,2009,84.222946
BEL,TRY,2010,83.986328
BEL,TRY,2011,84.19278
BEL,TRY,2012,84.561577
BEL,TRY,2013,84.14119
BEL,TRY,2014,84.744164
BEL,TRY,2015,84.585976
BEL,TRY,2016,85.194183
BEL,TRY,2017,85.217384
BEL,TRY,2018,86.099861
BEL,TRY,2019,86.435471
BEL,TRY,2020,86.164154
BEL,TRY,2021,86.87912
IRL,TRY,1989,81.814163
IRL,TRY,1991,80.639938
IRL,TRY,1992,81.012192
IRL,TRY,1994,82.650047
IRL,TRY,1995,83.047272
IRL,TRY,2000,87.528755
IRL,TRY,2001,86.962219
IRL,TRY,2002,86.310562
IRL,TRY,2003,86.056435
IRL,TRY,2004,86.203506
IRL,TRY,2005,86.801743
IRL,TRY,2006,86.083153
IRL,TRY,2007,86.348022
IRL,TRY,2008,85.196899
IRL,TRY,2009,82.234619
IRL,TRY,2010,80.95153
IRL,TRY,2011,80.506882
IRL,TRY,2012,80.041634
IRL,TRY,2013,80.129417
IRL,TRY,2014,81.057159
IRL,TRY,2015,82.136742
IRL,TRY,2016,82.544983
IRL,TRY,2017,84.867844
IRL,TRY,2018,85.067238
IRL,TRY,2019,85.559753
IRL,TRY,2020,84.500572
IRL,TRY,2021,85.681137
BEL,BUPPSRY,1989,48.178768
BEL,BUPPSRY,1991,48.616089
BEL,BUPPSRY,1992,48.796589
BEL,BUPPSRY,1994,47.749702
BEL,BUPPSRY,1995,47.266621
BEL,BUPPSRY,2000,50.519871
BEL,BUPPSRY,2001,48.972729
BEL,BUPPSRY,2002,48.756512
BEL,BUPPSRY,2003,48.931946
BEL,BUPPSRY,2004,48.780857
BEL,BUPPSRY,2005,48.973824
BEL,BUPPSRY,2006,48.991562
BEL,BUPPSRY,2007,49.787991
BEL,BUPPSRY,2008,49.431824
BEL,BUPPSRY,2009,47.964371
BEL,BUPPSRY,2010,48.907856
BEL,BUPPSRY,2011,47.724239
BEL,BUPPSRY,2012,47.566116
BEL,BUPPSRY,2013,47.82542
BEL,BUPPSRY,2014,47.473766
BEL,BUPPSRY,2015,46.631485
BEL,BUPPSRY,2016,46.364117
BEL,BUPPSRY,2017,46.53194
BEL,BUPPSRY,2018,46.481766
BEL,BUPPSRY,2019,47.356865
BEL,BUPPSRY,2020,46.902103
BEL,BUPPSRY,2021,45.467873
ISL,TRY,2003,94.131844
ISL,TRY,2004,93.572411
ISL,TRY,2005,93.554955
ISL,TRY,2006,92.945824
ISL,TRY,2007,93.632584
ISL,TRY,2008,92.541931
ISL,TRY,2009,89.333015
ISL,TRY,2010,89.153488
ISL,TRY,2011,88.570808
ISL,TRY,2012,90.480751
ISL,TRY,2013,90.231339
ISL,TRY,2014,89.503448
ISL,TRY,2015,90.638023
ISL,TRY,2016,92.581711
ISL,TRY,2017,91.661316
ISL,TRY,2018,90.86908
ISL,TRY,2019,90.382393
ISL,TRY,2020,87.59803
ISL,TRY,2021,89.102127
OAVG,UPPSRY_NTRY,1995,73.720149
OAVG,UPPSRY_NTRY,1998,73.520446
OAVG,UPPSRY_NTRY,1999,73.364516
OAVG,UPPSRY_NTRY,2000,73.823776
OAVG,UPPSRY_NTRY,2001,74.053763
OAVG,UPPSRY_NTRY,2002,73.688995
OAVG,UPPSRY_NTRY,2003,74.125084
OAVG,UPPSRY_NTRY,2004,74.229786
OAVG,UPPSRY_NTRY,2005,74.662506
OAVG,UPPSRY_NTRY,2006,75.617145
OAVG,UPPSRY_NTRY,2007,76.046653
OAVG,UPPSRY_NTRY,2008,75.99793
OAVG,UPPSRY_NTRY,2009,73.690148
OAVG,UPPSRY_NTRY,2010,73.055891
OAVG,UPPSRY_NTRY,2011,73.146757
OAVG,UPPSRY_NTRY,2012,73.185935
OAVG,UPPSRY_NTRY,2013,72.92971
OAVG,UPPSRY_NTRY,2014,73.546634
OAVG,UPPSRY_NTRY,2015,74.083851
OAVG,UPPSRY_NTRY,2016,74.589964
OAVG,UPPSRY_NTRY,2017,75.282215
OAVG,UPPSRY_NTRY,2018,76.132164
OAVG,UPPSRY_NTRY,2019,76.53906
OAVG,UPPSRY_NTRY,2020,74.757155
OAVG,UPPSRY_NTRY,2021,75.285703
HUN,BUPPSRY,1997,36.171474
HUN,BUPPSRY,1998,36.184654
HUN,BUPPSRY,1999,35.722759
HUN,BUPPSRY,2000,35.842838
HUN,BUPPSRY,2001,36.625694
HUN,BUPPSRY,2002,36.723515
HUN,BUPPSRY,2003,37.390221
HUN,BUPPSRY,2004,36.89378
HUN,BUPPSRY,2005,38.104095
HUN,BUPPSRY,2006,38.192783
HUN,BUPPSRY,2007,38.498444
HUN,BUPPSRY,2008,38.655712
HUN,BUPPSRY,2009,37.404385
HUN,BUPPSRY,2010,37.621582
HUN,BUPPSRY,2011,37.725071
HUN,BUPPSRY,2012,38.794422
HUN,BUPPSRY,2013,39.442501
HUN,BUPPSRY,2014,45.252956
HUN,BUPPSRY,2015,48.08321
HUN,BUPPSRY,2016,51.73748
HUN,BUPPSRY,2017,55.091339
HUN,BUPPSRY,2018,56.975697
HUN,BUPPSRY,2019,56.987286
HUN,BUPPSRY,2020,55.617611
HUN,BUPPSRY,2021,58.837936
IRL,BUPPSRY,1989,44.772343
IRL,BUPPSRY,1991,45.99892
IRL,BUPPSRY,1992,45.941257
IRL,BUPPSRY,1994,47.049671
IRL,BUPPSRY,1995,48.565922
IRL,BUPPSRY,2000,55.908649
IRL,BUPPSRY,2001,58.406803
IRL,BUPPSRY,2002,56.698242
IRL,BUPPSRY,2003,56.632576
IRL,BUPPSRY,2004,57.486076
IRL,BUPPSRY,2005,58.447918
IRL,BUPPSRY,2006,58.76096
IRL,BUPPSRY,2007,58.70089
IRL,BUPPSRY,2008,56.845081
IRL,BUPPSRY,2009,50.67767
IRL,BUPPSRY,2010,47.612698
IRL,BUPPSRY,2011,45.83659
IRL,BUPPSRY,2012,44.106441
IRL,BUPPSRY,2013,46.930607
IRL,BUPPSRY,2014,46.625233
IRL,BUPPSRY,2015,48.814857
IRL,BUPPSRY,2016,50.109047
IRL,BUPPSRY,2017,50.852608
IRL,BUPPSRY,2018,52.373951
IRL,BUPPSRY,2019,53.333496
IRL,BUPPSRY,2020,52.035358
IRL,BUPPSRY,2021,51.772327
CZE,UPPSRY_NTRY,1994,82.251007
CZE,UPPSRY_NTRY,1995,82.44651
CZE,UPPSRY_NTRY,1997,79.668602
CZE,UPPSRY_NTRY,1998,78.203987
CZE,UPPSRY_NTRY,1999,76.380905
CZE,UPPSRY_NTRY,2000,75.545921
CZE,UPPSRY_NTRY,2001,75.7313
CZE,UPPSRY_NTRY,2002,76.23436
CZE,UPPSRY_NTRY,2003,75.829086
CZE,UPPSRY_NTRY,2004,74.798615
CZE,UPPSRY_NTRY,2005,75.487686
CZE,UPPSRY_NTRY,2006,75.553139
CZE,UPPSRY_NTRY,2007,76.120239
CZE,UPPSRY_NTRY,2008,76.596436
CZE,UPPSRY_NTRY,2009,75.092216
CZE,UPPSRY_NTRY,2010,74.4925
CZE,UPPSRY_NTRY,2011,75.280701
CZE,UPPSRY_NTRY,2012,75.922844
CZE,UPPSRY_NTRY,2013,76.598831
CZE,UPPSRY_NTRY,2014,77.571945
CZE,UPPSRY_NTRY,2015,78.945419
CZE,UPPSRY_NTRY,2016,80.725128
CZE,UPPSRY_NTRY,2017,82.215881
CZE,UPPSRY_NTRY,2018,83.511574
CZE,UPPSRY_NTRY,2019,83.994926
CZE,UPPSRY_NTRY,2020,83.538231
CZE,UPPSRY_NTRY,2021,83.438309
PRT,UPPSRY_NTRY,1994,79.081635
PRT,UPPSRY_NTRY,1995,77.020638
PRT,UPPSRY_NTRY,1998,80.055466
PRT,UPPSRY_NTRY,1999,81.94001
PRT,UPPSRY_NTRY,2000,83.253365
PRT,UPPSRY_NTRY,2001,82.679092
PRT,UPPSRY_NTRY,2002,82.237816
PRT,UPPSRY_NTRY,2003,81.539589
PRT,UPPSRY_NTRY,2004,80.341431
PRT,UPPSRY_NTRY,2005,79.276749
PRT,UPPSRY_NTRY,2006,80.208763
PRT,UPPSRY_NTRY,2007,79.848381
PRT,UPPSRY_NTRY,2008,80.559242
PRT,UPPSRY_NTRY,2009,80.130646
PRT,UPPSRY_NTRY,2010,79.903908
PRT,UPPSRY_NTRY,2011,79.425568
PRT,UPPSRY_NTRY,2012,76.003647
PRT,UPPSRY_NTRY,2013,75.990891
PRT,UPPSRY_NTRY,2014,77.216476
PRT,UPPSRY_NTRY,2015,78.400528
PRT,UPPSRY_NTRY,2016,79.159042
PRT,UPPSRY_NTRY,2017,81.635704
PRT,UPPSRY_NTRY,2018,83.510033
PRT,UPPSRY_NTRY,2019,84.514481
PRT,UPPSRY_NTRY,2020,81.548035
PRT,UPPSRY_NTRY,2021,82.282066
ITA,TRY,1989,86.29174
ITA,TRY,1991,86.539513
ITA,TRY,1992,85.229027
ITA,TRY,1994,82.237701
ITA,TRY,1995,80.944557
ITA,TRY,1998,80.784866
ITA,TRY,1999,80.73774
ITA,TRY,2000,81.389374
ITA,TRY,2001,81.630348
ITA,TRY,2002,82.240059
ITA,TRY,2003,81.954247
ITA,TRY,2004,81.223099
ITA,TRY,2005,80.428688
ITA,TRY,2006,80.595512
ITA,TRY,2007,80.188087
ITA,TRY,2008,80.685417
ITA,TRY,2009,79.234962
ITA,TRY,2010,78.288193
ITA,TRY,2011,79.040939
ITA,TRY,2012,78.712723
ITA,TRY,2013,77.914299
ITA,TRY,2014,77.828415
ITA,TRY,2015,78.560356
ITA,TRY,2016,79.722794
ITA,TRY,2017,80.701469
ITA,TRY,2018,81.205719
ITA,TRY,2019,81.502151
ITA,TRY,2020,80.369415
ITA,TRY,2021,82.147942
POL,TRY,1995,83.728279
POL,TRY,1997,86.779793
POL,TRY,1998,87.218933
POL,TRY,1999,86.386024
POL,TRY,2000,84.540634
POL,TRY,2001,84.055786
POL,TRY,2002,83.069984
POL,TRY,2003,82.609917
POL,TRY,2004,82.309235
POL,TRY,2005,82.685158
POL,TRY,2006,83.485062
POL,TRY,2007,84.472984
POL,TRY,2008,85.112686
POL,TRY,2009,85.27253
POL,TRY,2010,84.638252
POL,TRY,2011,84.630028
POL,TRY,2012,84.668037
POL,TRY,2013,84.817627
POL,TRY,2014,86.178291
POL,TRY,2015,87.108437
POL,TRY,2016,87.5
POL,TRY,2017,88.138359
POL,TRY,2018,88.777138
POL,TRY,2019,88.984108
POL,TRY,2020,89.090797
POL,TRY,2021,90.83107
SWE,BUPPSRY,1981,76.763412
SWE,BUPPSRY,1989,83.443222
SWE,BUPPSRY,1991,82.813217
SWE,BUPPSRY,1992,82.206177
SWE,BUPPSRY,1994,78.625412
SWE,BUPPSRY,1995,77.65966
SWE,BUPPSRY,1997,67.239891
SWE,BUPPSRY,1998,66.406769
SWE,BUPPSRY,1999,66.496071
SWE,BUPPSRY,2000,67.982162
SWE,BUPPSRY,2001,68.83709
SWE,BUPPSRY,2002,68.156677
SWE,BUPPSRY,2003,67.500145
SWE,BUPPSRY,2004,66.981491
SWE,BUPPSRY,2005,66.059357
SWE,BUPPSRY,2006,66.803146
SWE,BUPPSRY,2007,66.477089
SWE,BUPPSRY,2008,66.195984
SWE,BUPPSRY,2009,64.117371
SWE,BUPPSRY,2010,63.234947
SWE,BUPPSRY,2011,65.151428
SWE,BUPPSRY,2012,63.973232
SWE,BUPPSRY,2013,62.456749
SWE,BUPPSRY,2014,65.859032
SWE,BUPPSRY,2015,65.871948
SWE,BUPPSRY,2016,65.907257
SWE,BUPPSRY,2017,66.827072
SWE,BUPPSRY,2018,67.272621
SWE,BUPPSRY,2019,67.004105
SWE,BUPPSRY,2020,63.205822
SWE,BUPPSRY,2021,61.927555
ITA,BUPPSRY,1989,53.112442
ITA,BUPPSRY,1991,54.125229
ITA,BUPPSRY,1992,53.972477
ITA,BUPPSRY,1994,49.506161
ITA,BUPPSRY,1995,48.897774
ITA,BUPPSRY,1998,47.801167
ITA,BUPPSRY,1999,48.017178
ITA,BUPPSRY,2000,48.584743
ITA,BUPPSRY,2001,49.382477
ITA,BUPPSRY,2002,50.496639
ITA,BUPPSRY,2003,50.728531
ITA,BUPPSRY,2004,51.705791
ITA,BUPPSRY,2005,51.732021
ITA,BUPPSRY,2006,52.453228
ITA,BUPPSRY,2007,52.821968
ITA,BUPPSRY,2008,52.471062
ITA,BUPPSRY,2009,51.231144
ITA,BUPPSRY,2010,50.432877
ITA,BUPPSRY,2011,50.804203
ITA,BUPPSRY,2012,50.903591
ITA,BUPPSRY,2013,49.753597
ITA,BUPPSRY,2014,49.566059
ITA,BUPPSRY,2015,50.188339
ITA,BUPPSRY,2016,51.179424
ITA,BUPPSRY,2017,51.803944
ITA,BUPPSRY,2018,52.455048
ITA,BUPPSRY,2019,52.691494
ITA,BUPPSRY,2020,50.907883
ITA,BUPPSRY,2021,51.408981
FIN,TRY,2000,84.385689
FIN,TRY,2003,84.97921
FIN,TRY,2004,84.240402
FIN,TRY,2005,84.13678
FIN,TRY,2006,85.02108
FIN,TRY,2007,85.19986
FIN,TRY,2008,85.616371
FIN,TRY,2009,84.428238
FIN,TRY,2010,84.10569
FIN,TRY,2011,84.326378
FIN,TRY,2012,84.362343
FIN,TRY,2013,83.849091
FIN,TRY,2014,83.476814
FIN,TRY,2015,82.691025
FIN,TRY,2016,83.292183
FIN,TRY,2017,84.865746
FIN,TRY,2018,86.709366
FIN,TRY,2019,86.41304
FIN,TRY,2020,86.791046
FIN,TRY,2021,87.75338
BRA,BUPPSRY,2007,68.792847
BRA,BUPPSRY,2008,69.42466
BRA,BUPPSRY,2009,68.749107
BRA,BUPPSRY,2011,67.120605
BRA,BUPPSRY,2012,66.769585
BRA,BUPPSRY,2013,66.87867
BRA,BUPPSRY,2014,67.845276
BRA,BUPPSRY,2015,65.005676
BRA,BUPPSRY,2016,60.694752
BRA,BUPPSRY,2017,59.701927
BRA,BUPPSRY,2018,59.720772
BRA,BUPPSRY,2019,59.908241
BRA,BUPPSRY,2020,53.188389
BRA,BUPPSRY,2021,54.96788
AUS,UPPSRY_NTRY,1989,79.041504
AUS,UPPSRY_NTRY,1991,74.981415
AUS,UPPSRY_NTRY,1993,73.062935
AUS,UPPSRY_NTRY,1994,74.588097
AUS,UPPSRY_NTRY,1995,75.46154
AUS,UPPSRY_NTRY,1997,76.053093
AUS,UPPSRY_NTRY,1998,75.860077
AUS,UPPSRY_NTRY,1999,76.193909
AUS,UPPSRY_NTRY,2000,76.703751
AUS,UPPSRY_NTRY,2001,78.041
AUS,UPPSRY_NTRY,2002,77.834595
AUS,UPPSRY_NTRY,2003,78.719017
AUS,UPPSRY_NTRY,2004,78.756203
AUS,UPPSRY_NTRY,2005,79.842407
AUS,UPPSRY_NTRY,2006,80.391235
AUS,UPPSRY_NTRY,2007,80.511581
AUS,UPPSRY_NTRY,2008,80.865669
AUS,UPPSRY_NTRY,2009,80.237244
AUS,UPPSRY_NTRY,2010,80.467789
AUS,UPPSRY_NTRY,2011,80.742584
AUS,UPPSRY_NTRY,2012,80.493423
AUS,UPPSRY_NTRY,2013,77.702675
AUS,UPPSRY_NTRY,2014,77.342133
AUS,UPPSRY_NTRY,2015,77.96656
AUS,UPPSRY_NTRY,2016,78.176628
AUS,UPPSRY_NTRY,2017,78.158249
AUS,UPPSRY_NTRY,2018,77.335503
AUS,UPPSRY_NTRY,2019,79.007721
AUS,UPPSRY_NTRY,2020,74.49202
AUS,UPPSRY_NTRY,2021,79.102539
LVA,UPPSRY_NTRY,1996,65.561615
LVA,UPPSRY_NTRY,1997,68.044472
LVA,UPPSRY_NTRY,1998,68.919456
LVA,UPPSRY_NTRY,1999,68.055473
LVA,UPPSRY_NTRY,2000,66.858719
LVA,UPPSRY_NTRY,2001,68.106636
LVA,UPPSRY_NTRY,2002,69.449982
LVA,UPPSRY_NTRY,2003,71.106094
LVA,UPPSRY_NTRY,2004,70.965172
LVA,UPPSRY_NTRY,2005,71.775879
LVA,UPPSRY_NTRY,2006,76.208176
LVA,UPPSRY_NTRY,2007,77.503365
LVA,UPPSRY_NTRY,2008,77.730194
LVA,UPPSRY_NTRY,2009,68.214211
LVA,UPPSRY_NTRY,2010,65.073006
LVA,UPPSRY_NTRY,2011,66.800766
LVA,UPPSRY_NTRY,2012,66.852325
LVA,UPPSRY_NTRY,2013,69.669395
LVA,UPPSRY_NTRY,2014,71.281395
LVA,UPPSRY_NTRY,2015,71.82473
LVA,UPPSRY_NTRY,2016,71.16552
LVA,UPPSRY_NTRY,2017,72.896797
LVA,UPPSRY_NTRY,2018,75.128372
LVA,UPPSRY_NTRY,2019,75.146317
LVA,UPPSRY_NTRY,2020,75.520607
LVA,UPPSRY_NTRY,2021,73.399704
FRA,BUPPSRY,1981,62.492264
FRA,BUPPSRY,1989,58.641628
FRA,BUPPSRY,1991,57.790539
FRA,BUPPSRY,1992,56.498531
FRA,BUPPSRY,1994,55.409752
FRA,BUPPSRY,1995,55.972149
FRA,BUPPSRY,1997,56.292171
FRA,BUPPSRY,1998,56.271149
FRA,BUPPSRY,1999,56.376163
FRA,BUPPSRY,2000,55.86079
FRA,BUPPSRY,2001,57.710304
FRA,BUPPSRY,2002,57.825375
FRA,BUPPSRY,2003,58.901192
FRA,BUPPSRY,2004,59.080761
FRA,BUPPSRY,2005,58.609497
FRA,BUPPSRY,2006,58.15543
FRA,BUPPSRY,2007,57.776325
FRA,BUPPSRY,2008,57.416531
FRA,BUPPSRY,2009,56.15419
FRA,BUPPSRY,2010,55.419167
FRA,BUPPSRY,2011,55.692963
FRA,BUPPSRY,2012,55.483387
FRA,BUPPSRY,2013,54.333675
FRA,BUPPSRY,2014,54.099674
FRA,BUPPSRY,2015,52.213428
FRA,BUPPSRY,2016,51.278957
FRA,BUPPSRY,2017,52.730328
FRA,BUPPSRY,2018,52.939545
FRA,BUPPSRY,2019,52.534874
FRA,BUPPSRY,2020,53.323368
FRA,BUPPSRY,2021,52.763233
MEX,TRY,1997,83.226189
MEX,TRY,1998,83.236221
MEX,TRY,1999,82.030434
MEX,TRY,2000,82.487419
MEX,TRY,2001,80.908279
MEX,TRY,2002,80.90345
MEX,TRY,2003,81.162903
MEX,TRY,2004,81.407974
MEX,TRY,2005,83.895065
MEX,TRY,2006,84.162918
MEX,TRY,2007,83.794365
MEX,TRY,2008,83.712181
MEX,TRY,2009,82.17099
MEX,TRY,2010,80.97493
MEX,TRY,2011,80.976349
MEX,TRY,2012,81.134506
MEX,TRY,2013,80.881035
MEX,TRY,2014,80.170067
MEX,TRY,2015,79.96048
MEX,TRY,2016,79.805672
MEX,TRY,2017,79.9673
MEX,TRY,2018,79.689171
MEX,TRY,2019,79.698318
MEX,TRY,2020,76.335907
MEX,TRY,2021,78.297386
HUN,UPPSRY_NTRY,1997,70.733498
HUN,UPPSRY_NTRY,1998,70.863014
HUN,UPPSRY_NTRY,1999,72.06044
HUN,UPPSRY_NTRY,2000,72.110062
HUN,UPPSRY_NTRY,2001,71.921219
HUN,UPPSRY_NTRY,2002,71.690872
HUN,UPPSRY_NTRY,2003,71.412323
HUN,UPPSRY_NTRY,2004,70.923279
HUN,UPPSRY_NTRY,2005,70.447762
HUN,UPPSRY_NTRY,2006,70.381294
HUN,UPPSRY_NTRY,2007,70.220329
HUN,UPPSRY_NTRY,2008,68.663551
HUN,UPPSRY_NTRY,2009,66.956322
HUN,UPPSRY_NTRY,2010,66.222305
HUN,UPPSRY_NTRY,2011,66.312004
HUN,UPPSRY_NTRY,2012,67.890533
HUN,UPPSRY_NTRY,2013,68.992531
HUN,UPPSRY_NTRY,2014,71.78273
HUN,UPPSRY_NTRY,2015,73.740097
HUN,UPPSRY_NTRY,2016,76.056656
HUN,UPPSRY_NTRY,2017,77.582481
HUN,UPPSRY_NTRY,2018,78.335846
HUN,UPPSRY_NTRY,2019,79.937408
HUN,UPPSRY_NTRY,2020,79.292191
HUN,UPPSRY_NTRY,2021,82.493607
BRA,TRY,2007,85.791977
BRA,TRY,2008,85.955757
BRA,TRY,2009,85.638741
BRA,TRY,2011,85.291367
BRA,TRY,2012,85.749039
BRA,TRY,2013,85.05883
BRA,TRY,2014,84.961212
BRA,TRY,2015,83.363411
BRA,TRY,2016,84.018433
BRA,TRY,2017,82.572739
BRA,TRY,2018,83.178795
BRA,TRY,2019,84.000671
BRA,TRY,2020,79.820313
BRA,TRY,2021,80.495346
NOR,BUPPSRY,1981,66.575386
NOR,BUPPSRY,1989,64.718613
NOR,BUPPSRY,1991,62.255108
NOR,BUPPSRY,1992,60.324474
NOR,BUPPSRY,1994,60.275055
NOR,BUPPSRY,1995,61.217556
NOR,BUPPSRY,2005,64.231186
NOR,BUPPSRY,2006,64.894447
NOR,BUPPSRY,2007,66.168373
NOR,BUPPSRY,2008,66.081871
NOR,BUPPSRY,2009,65.403831
NOR,BUPPSRY,2010,63.835957
NOR,BUPPSRY,2011,67.977531
NOR,BUPPSRY,2012,65.215553
NOR,BUPPSRY,2013,62.270592
NOR,BUPPSRY,2014,61.926231
NOR,BUPPSRY,2015,61.012028
NOR,BUPPSRY,2016,61.723858
NOR,BUPPSRY,2017,61.126648
NOR,BUPPSRY,2018,61.459454
NOR,BUPPSRY,2019,61.543457
NOR,BUPPSRY,2020,60.695248
NOR,BUPPSRY,2021,61.39785
ISR,UPPSRY_NTRY,2002,66.642342
ISR,UPPSRY_NTRY,2003,65.888657
ISR,UPPSRY_NTRY,2005,66.750198
ISR,UPPSRY_NTRY,2007,69.157745
ISR,UPPSRY_NTRY,2008,69.958076
ISR,UPPSRY_NTRY,2009,69.030426
ISR,UPPSRY_NTRY,2010,70.149292
ISR,UPPSRY_NTRY,2011,70.869781
ISR,UPPSRY_NTRY,2012,71.705704
ISR,UPPSRY_NTRY,2013,71.710892
ISR,UPPSRY_NTRY,2014,72.257675
ISR,UPPSRY_NTRY,2015,73.365814
ISR,UPPSRY_NTRY,2016,72.731766
ISR,UPPSRY_NTRY,2017,73.550529
ISR,UPPSRY_NTRY,2018,73.338181
ISR,UPPSRY_NTRY,2019,73.459198
ISR,UPPSRY_NTRY,2020,70.724335
ISR,UPPSRY_NTRY,2021,70.145653
TUR,UPPSRY_NTRY,1991,67.238937
TUR,UPPSRY_NTRY,1992,69.74189
TUR,UPPSRY_NTRY,1994,67.547173
TUR,UPPSRY_NTRY,1995,63.24955
TUR,UPPSRY_NTRY,1997,66.843376
TUR,UPPSRY_NTRY,1998,65.989044
TUR,UPPSRY_NTRY,1999,63.902779
TUR,UPPSRY_NTRY,2000,64.027847
TUR,UPPSRY_NTRY,2001,62.438179
TUR,UPPSRY_NTRY,2002,61.782578
TUR,UPPSRY_NTRY,2003,61.144146
TUR,UPPSRY_NTRY,2004,60.263268
TUR,UPPSRY_NTRY,2005,61.81818
TUR,UPPSRY_NTRY,2006,61.458138
TUR,UPPSRY_NTRY,2007,60.940033
TUR,UPPSRY_NTRY,2008,60.786377
TUR,UPPSRY_NTRY,2009,58.343277
TUR,UPPSRY_NTRY,2010,60
TUR,UPPSRY_NTRY,2011,61.747284
TUR,UPPSRY_NTRY,2012,61.705452
TUR,UPPSRY_NTRY,2013,61.685596
TUR,UPPSRY_NTRY,2014,61.879513
TUR,UPPSRY_NTRY,2015,62.070953
TUR,UPPSRY_NTRY,2016,61.916084
TUR,UPPSRY_NTRY,2017,62.549152
TUR,UPPSRY_NTRY,2018,63.148857
TUR,UPPSRY_NTRY,2019,60.025574
TUR,UPPSRY_NTRY,2021,59.473309
POL,UPPSRY_NTRY,1995,69.609184
POL,UPPSRY_NTRY,1997,70.681732
POL,UPPSRY_NTRY,1998,71.073326
POL,UPPSRY_NTRY,1999,69.662834
POL,UPPSRY_NTRY,2000,66.600746
POL,UPPSRY_NTRY,2001,64.756905
POL,UPPSRY_NTRY,2002,62.463432
POL,UPPSRY_NTRY,2003,61.639824
POL,UPPSRY_NTRY,2004,61.340092
POL,UPPSRY_NTRY,2005,61.746391
POL,UPPSRY_NTRY,2006,62.862865
POL,UPPSRY_NTRY,2007,65.246109
POL,UPPSRY_NTRY,2008,67.046341
POL,UPPSRY_NTRY,2009,66.325768
POL,UPPSRY_NTRY,2010,65.431541
POL,UPPSRY_NTRY,2011,65.75071
POL,UPPSRY_NTRY,2012,65.389137
POL,UPPSRY_NTRY,2013,65.190437
POL,UPPSRY_NTRY,2014,66.174042
POL,UPPSRY_NTRY,2015,67.199577
POL,UPPSRY_NTRY,2016,68.407211
POL,UPPSRY_NTRY,2017,69.591835
POL,UPPSRY_NTRY,2018,70.381065
POL,UPPSRY_NTRY,2019,70.704414
POL,UPPSRY_NTRY,2020,71.546059
POL,UPPSRY_NTRY,2021,73.677704
NOR,TRY,1981,89.198631
NOR,TRY,1989,91.239319
NOR,TRY,1991,90.036217
NOR,TRY,1992,88.898712
NOR,TRY,1994,88.16993
NOR,TRY,1995,88.897209
NOR,TRY,2005,88.826958
NOR,TRY,2006,89.100479
NOR,TRY,2007,90.448486
NOR,TRY,2008,90.516663
NOR,TRY,2009,90.225235
NOR,TRY,2010,90.421867
NOR,TRY,2011,90.460526
NOR,TRY,2012,90.263573
NOR,TRY,2013,89.522369
NOR,TRY,2014,89.883064
NOR,TRY,2015,89.248413
NOR,TRY,2016,88.750214
NOR,TRY,2017,88.846283
NOR,TRY,2018,89.05159
NOR,TRY,2019,89.496017
NOR,TRY,2020,89.16201
NOR,TRY,2021,89.336563
CAN,BUPPSRY,1981,59.596199
CAN,BUPPSRY,1990,57.55814
CAN,BUPPSRY,1991,54.967037
CAN,BUPPSRY,1992,52.683384
CAN,BUPPSRY,1993,52.010925
CAN,BUPPSRY,1994,52.575001
CAN,BUPPSRY,1995,52.217899
CAN,BUPPSRY,1996,52.058113
CAN,BUPPSRY,1997,52.627117
CAN,BUPPSRY,1998,53.55685
CAN,BUPPSRY,1999,54.460518
CAN,BUPPSRY,2000,54.811321
CAN,BUPPSRY,2001,54.260986
CAN,BUPPSRY,2002,55.051193
CAN,BUPPSRY,2003,56.373428
CAN,BUPPSRY,2004,57.027225
CAN,BUPPSRY,2005,56.153847
CAN,BUPPSRY,2006,56.742012
CAN,BUPPSRY,2007,57.078003
CAN,BUPPSRY,2008,57.680916
CAN,BUPPSRY,2009,54.882301
CAN,BUPPSRY,2010,55.128204
CAN,BUPPSRY,2011,55.03513
CAN,BUPPSRY,2012,56.157162
CAN,BUPPSRY,2013,56.475903
CAN,BUPPSRY,2014,55.775234
CAN,BUPPSRY,2015,55.196552
CAN,BUPPSRY,2016,54.560349
CAN,BUPPSRY,2017,55.593803
CAN,BUPPSRY,2018,55.602409
CAN,BUPPSRY,2019,56.449631
CAN,BUPPSRY,2020,54.023746
CAN,BUPPSRY,2021,55.595409
FIN,BUPPSRY,2000,59.587605
FIN,BUPPSRY,2003,57.911026
FIN,BUPPSRY,2004,57.071178
FIN,BUPPSRY,2005,57.927132
FIN,BUPPSRY,2006,58.410847
FIN,BUPPSRY,2007,58.633305
FIN,BUPPSRY,2008,59.278332
FIN,BUPPSRY,2009,56.823944
FIN,BUPPSRY,2010,54.952732
FIN,BUPPSRY,2011,55.548809
FIN,BUPPSRY,2012,55.207375
FIN,BUPPSRY,2013,54.131367
FIN,BUPPSRY,2014,53.502769
FIN,BUPPSRY,2015,53.353443
FIN,BUPPSRY,2016,53.709198
FIN,BUPPSRY,2017,52.727272
FIN,BUPPSRY,2018,54.635761
FIN,BUPPSRY,2019,54.945053
FIN,BUPPSRY,2020,54.065041
FIN,BUPPSRY,2021,54.19355
RUS,BUPPSRY,2010,47.076336
RUS,BUPPSRY,2011,47.778782
RUS,BUPPSRY,2012,49.266563
RUS,BUPPSRY,2013,48.961494
RUS,BUPPSRY,2014,49.221684
RUS,BUPPSRY,2015,50.487831
RUS,BUPPSRY,2016,51.10561
RUS,BUPPSRY,2017,53.587872
RUS,BUPPSRY,2018,54.049
IRL,UPPSRY_NTRY,1989,63.309956
IRL,UPPSRY_NTRY,1991,62.884411
IRL,UPPSRY_NTRY,1992,64.098114
IRL,UPPSRY_NTRY,1994,65.769058
IRL,UPPSRY_NTRY,1995,66.608086
IRL,UPPSRY_NTRY,2000,76.55481
IRL,UPPSRY_NTRY,2001,77.313492
IRL,UPPSRY_NTRY,2002,76.58963
IRL,UPPSRY_NTRY,2003,75.600746
IRL,UPPSRY_NTRY,2004,75.877754
IRL,UPPSRY_NTRY,2005,76.717979
IRL,UPPSRY_NTRY,2006,77.170906
IRL,UPPSRY_NTRY,2007,76.996483
IRL,UPPSRY_NTRY,2008,75.506363
IRL,UPPSRY_NTRY,2009,69.639885
IRL,UPPSRY_NTRY,2010,66.471428
IRL,UPPSRY_NTRY,2011,64.867798
IRL,UPPSRY_NTRY,2012,65.35569
IRL,UPPSRY_NTRY,2013,66.006485
IRL,UPPSRY_NTRY,2014,67.930679
IRL,UPPSRY_NTRY,2015,68.903496
IRL,UPPSRY_NTRY,2016,69.234749
IRL,UPPSRY_NTRY,2017,71.937363
IRL,UPPSRY_NTRY,2018,73.633385
IRL,UPPSRY_NTRY,2019,74.656708
IRL,UPPSRY_NTRY,2020,71.723053
IRL,UPPSRY_NTRY,2021,72.293655
LUX,BUPPSRY,2000,57.897686
LUX,BUPPSRY,2005,61.808765
LUX,BUPPSRY,2006,60.767796
LUX,BUPPSRY,2007,62.266312
LUX,BUPPSRY,2008,61.084679
LUX,BUPPSRY,2009,61.556572
LUX,BUPPSRY,2010,61.882107
LUX,BUPPSRY,2011,61.993263
LUX,BUPPSRY,2012,62.984173
LUX,BUPPSRY,2013,61.771252
LUX,BUPPSRY,2014,60.885242
LUX,BUPPSRY,2015,62.254662
LUX,BUPPSRY,2016,59.628651
LUX,BUPPSRY,2017,60.378494
LUX,BUPPSRY,2018,61.973526
LUX,BUPPSRY,2019,61.634933
LUX,BUPPSRY,2020,60.515766
LUX,BUPPSRY,2021,62.057178
CHE,UPPSRY_NTRY,1989,79.772957
CHE,UPPSRY_NTRY,1991,80.1464
CHE,UPPSRY_NTRY,1992,80.387695
CHE,UPPSRY_NTRY,1994,78.620277
CHE,UPPSRY_NTRY,1995,79.671135
CHE,UPPSRY_NTRY,1997,79.63813
CHE,UPPSRY_NTRY,1998,80.811539
CHE,UPPSRY_NTRY,1999,80.861259
CHE,UPPSRY_NTRY,2000,81.430428
CHE,UPPSRY_NTRY,2001,81.30278
CHE,UPPSRY_NTRY,2002,81.102837
CHE,UPPSRY_NTRY,2003,80.543655
CHE,UPPSRY_NTRY,2004,79.913475
CHE,UPPSRY_NTRY,2005,79.980438
CHE,UPPSRY_NTRY,2006,80.237289
CHE,UPPSRY_NTRY,2007,81.0914
CHE,UPPSRY_NTRY,2008,82.030411
CHE,UPPSRY_NTRY,2009,81.652885
CHE,UPPSRY_NTRY,2010,79.785439
CHE,UPPSRY_NTRY,2011,81.529343
CHE,UPPSRY_NTRY,2012,81.271576
CHE,UPPSRY_NTRY,2013,80.660667
CHE,UPPSRY_NTRY,2014,81.094078
CHE,UPPSRY_NTRY,2015,81.920921
CHE,UPPSRY_NTRY,2016,81.85627
CHE,UPPSRY_NTRY,2017,81.832123
CHE,UPPSRY_NTRY,2018,81.676201
CHE,UPPSRY_NTRY,2019,82.107124
CHE,UPPSRY_NTRY,2020,81.219452
CHE,UPPSRY_NTRY,2021,81.516815
GRC,TRY,1987,83.423286
GRC,TRY,1988,83.794357
GRC,TRY,1989,82.55098
GRC,TRY,1990,82.604195
GRC,TRY,1991,81.304184
GRC,TRY,1992,80.243263
GRC,TRY,1993,79.955971
GRC,TRY,1994,80.252785
GRC,TRY,1995,80.327194
GRC,TRY,1996,80.517113
GRC,TRY,1997,80.222206
GRC,TRY,1998,80.497856
GRC,TRY,1999,80.669159
GRC,TRY,2000,80.910439
GRC,TRY,2001,80.332413
GRC,TRY,2002,81.227951
GRC,TRY,2003,81.581062
GRC,TRY,2004,81.415321
GRC,TRY,2005,81.794113
GRC,TRY,2006,83.121628
GRC,TRY,2007,82.625099
GRC,TRY,2008,82.651955
GRC,TRY,2009,82.224106
GRC,TRY,2010,79.773254
GRC,TRY,2011,74.814163
GRC,TRY,2012,71.145699
GRC,TRY,2013,69.079964
GRC,TRY,2014,68.544128
GRC,TRY,2015,68.744614
GRC,TRY,2016,70.400108
GRC,TRY,2017,71.834778
GRC,TRY,2018,74.148109
GRC,TRY,2019,75.974495
GRC,TRY,2020,75.420647
GRC,TRY,2021,76.14167
CAN,TRY,1981,82.893356
CAN,TRY,1990,84.430695
CAN,TRY,1991,83.309212
CAN,TRY,1992,82.40741
CAN,TRY,1993,82.054077
CAN,TRY,1994,81.491608
CAN,TRY,1995,82.128853
CAN,TRY,1996,81.342621
CAN,TRY,1997,81.659386
CAN,TRY,1998,82.307068
CAN,TRY,1999,82.387871
CAN,TRY,2000,82.643623
CAN,TRY,2001,81.932716
CAN,TRY,2002,81.880859
CAN,TRY,2003,82.102196
CAN,TRY,2004,82.173859
CAN,TRY,2005,82.089737
CAN,TRY,2006,82.538155
CAN,TRY,2007,82.811234
CAN,TRY,2008,82.420067
CAN,TRY,2009,81.585625
CAN,TRY,2010,81.286049
CAN,TRY,2011,81.50042
CAN,TRY,2012,81.540642
CAN,TRY,2013,81.89296
CAN,TRY,2014,81.628288
CAN,TRY,2015,81.770493
CAN,TRY,2016,81.841385
CAN,TRY,2017,82.389374
CAN,TRY,2018,82.702705
CAN,TRY,2019,83.111526
CAN,TRY,2020,79.462875
CAN,TRY,2021,82.028244
NLD,UPPSRY_NTRY,1990,72.482269
NLD,UPPSRY_NTRY,1991,73.445946
NLD,UPPSRY_NTRY,1992,73.642647
NLD,UPPSRY_NTRY,1994,73.403923
NLD,UPPSRY_NTRY,1995,73.99157
NLD,UPPSRY_NTRY,1998,76.75351
NLD,UPPSRY_NTRY,2000,79.44117
NLD,UPPSRY_NTRY,2001,79.95182
NLD,UPPSRY_NTRY,2002,79.815094
NLD,UPPSRY_NTRY,2003,78.77803
NLD,UPPSRY_NTRY,2004,77.917221
NLD,UPPSRY_NTRY,2005,77.949867
NLD,UPPSRY_NTRY,2006,79.137413
NLD,UPPSRY_NTRY,2007,80.25045
NLD,UPPSRY_NTRY,2008,81.469719
NLD,UPPSRY_NTRY,2009,81.696083
NLD,UPPSRY_NTRY,2010,80
NLD,UPPSRY_NTRY,2011,80.067001
NLD,UPPSRY_NTRY,2012,80.459259
NLD,UPPSRY_NTRY,2013,78.212524
NLD,UPPSRY_NTRY,2014,77.891937
NLD,UPPSRY_NTRY,2015,78.223953
NLD,UPPSRY_NTRY,2016,79.394432
NLD,UPPSRY_NTRY,2017,80.105301
NLD,UPPSRY_NTRY,2018,81.152107
NLD,UPPSRY_NTRY,2019,82.317284
NLD,UPPSRY_NTRY,2020,82.16227
NLD,UPPSRY_NTRY,2021,82.930016
ESP,BUPPSRY,1981,50.714333
ESP,BUPPSRY,1989,48.904514
ESP,BUPPSRY,1991,49.473621
ESP,BUPPSRY,1992,48.402565
ESP,BUPPSRY,1994,45.733646
ESP,BUPPSRY,1995,46.294727
ESP,BUPPSRY,1997,49.033569
ESP,BUPPSRY,1998,50.42374
ESP,BUPPSRY,1999,52.091923
ESP,BUPPSRY,2000,53.808907
ESP,BUPPSRY,2001,55.117779
ESP,BUPPSRY,2002,56.092781
ESP,BUPPSRY,2003,57.077961
ESP,BUPPSRY,2004,57.570614
ESP,BUPPSRY,2005,58.790493
ESP,BUPPSRY,2006,59.995861
ESP,BUPPSRY,2007,60.633377
ESP,BUPPSRY,2008,59.148918
ESP,BUPPSRY,2009,54.053894
ESP,BUPPSRY,2010,53.04237
ESP,BUPPSRY,2011,52.349545
ESP,BUPPSRY,2012,49.271648
ESP,BUPPSRY,2013,48.339825
ESP,BUPPSRY,2014,49.384544
ESP,BUPPSRY,2015,51.587471
ESP,BUPPSRY,2016,53.882187
ESP,BUPPSRY,2017,55.527878
ESP,BUPPSRY,2018,57.405262
ESP,BUPPSRY,2019,58.541592
ESP,BUPPSRY,2020,56.477238
ESP,BUPPSRY,2021,58.149979
ISR,BUPPSRY,2002,43.470295
ISR,BUPPSRY,2003,42.677975
ISR,BUPPSRY,2005,41.266068
ISR,BUPPSRY,2007,42.652809
ISR,BUPPSRY,2008,44.843479
ISR,BUPPSRY,2009,44.282337
ISR,BUPPSRY,2010,44.704735
ISR,BUPPSRY,2011,45.631592
ISR,BUPPSRY,2012,47.181446
ISR,BUPPSRY,2013,48.071404
ISR,BUPPSRY,2014,48.639103
ISR,BUPPSRY,2015,48.584198
ISR,BUPPSRY,2016,48.119892
ISR,BUPPSRY,2017,52.498909
ISR,BUPPSRY,2018,50.764744
ISR,BUPPSRY,2019,51.084827
ISR,BUPPSRY,2020,48.844524
ISR,BUPPSRY,2021,47.867004
LUX,TRY,2000,84.341843
LUX,TRY,2005,84.017586
LUX,TRY,2006,85.161499
LUX,TRY,2007,84.499329
LUX,TRY,2008,84.715103
LUX,TRY,2009,85.123535
LUX,TRY,2010,84.975761
LUX,TRY,2011,85.02948
LUX,TRY,2012,84.799431
LUX,TRY,2013,84.854248
LUX,TRY,2014,84.555603
LUX,TRY,2015,84.75782
LUX,TRY,2016,85.733727
LUX,TRY,2017,86.343361
LUX,TRY,2018,85.655914
LUX,TRY,2019,85.57299
LUX,TRY,2020,84.958733
LUX,TRY,2021,85.921867
SWE,UPPSRY_NTRY,1981,88.466866
SWE,UPPSRY_NTRY,1989,92.151482
SWE,UPPSRY_NTRY,1991,90.96048
SWE,UPPSRY_NTRY,1992,89.030777
SWE,UPPSRY_NTRY,1994,83.345406
SWE,UPPSRY_NTRY,1995,83.510941
SWE,UPPSRY_NTRY,1997,78.608177
SWE,UPPSRY_NTRY,1998,79.315025
SWE,UPPSRY_NTRY,1999,79.582031
SWE,UPPSRY_NTRY,2000,81.66272
SWE,UPPSRY_NTRY,2001,81.949066
SWE,UPPSRY_NTRY,2002,81.7994
SWE,UPPSRY_NTRY,2003,81.323128
SWE,UPPSRY_NTRY,2004,80.710876
SWE,UPPSRY_NTRY,2005,81.300262
SWE,UPPSRY_NTRY,2006,81.922272
SWE,UPPSRY_NTRY,2007,83.116371
SWE,UPPSRY_NTRY,2008,83.259071
SWE,UPPSRY_NTRY,2009,81.247665
SWE,UPPSRY_NTRY,2010,81.079483
SWE,UPPSRY_NTRY,2011,83.549904
SWE,UPPSRY_NTRY,2012,82.57766
SWE,UPPSRY_NTRY,2013,82.797676
SWE,UPPSRY_NTRY,2014,84.670082
SWE,UPPSRY_NTRY,2015,85.056427
SWE,UPPSRY_NTRY,2016,85.286247
SWE,UPPSRY_NTRY,2017,86.019341
SWE,UPPSRY_NTRY,2018,86.612442
SWE,UPPSRY_NTRY,2019,85.586319
SWE,UPPSRY_NTRY,2020,85.081825
SWE,UPPSRY_NTRY,2021,84.049675
ESP,TRY,1981,81.277046
ESP,TRY,1989,77.286324
ESP,TRY,1991,78.922905
ESP,TRY,1992,77.869705
ESP,TRY,1994,74.195328
ESP,TRY,1995,74.693459
ESP,TRY,1997,75.660721
ESP,TRY,1998,76.660889
ESP,TRY,1999,78.043571
ESP,TRY,2000,79.702477
ESP,TRY,2001,80.588654
ESP,TRY,2002,80.773567
ESP,TRY,2003,81.488586
ESP,TRY,2004,82.189438
ESP,TRY,2005,82.742996
ESP,TRY,2006,83.738258
ESP,TRY,2007,84.703682
ESP,TRY,2008,83.897774
ESP,TRY,2009,81.41156
ESP,TRY,2010,80.073509
ESP,TRY,2011,79.242912
ESP,TRY,2012,77.462303
ESP,TRY,2013,76.3937
ESP,TRY,2014,77.223129
ESP,TRY,2015,78.534706
ESP,TRY,2016,79.811272
ESP,TRY,2017,80.939743
ESP,TRY,2018,81.628616
ESP,TRY,2019,81.930359
ESP,TRY,2020,79.928398
ESP,TRY,2021,81.434196
HUN,TRY,1997,81.422127
HUN,TRY,1998,80.996964
HUN,TRY,1999,82.076935
HUN,TRY,2000,82.432106
HUN,TRY,2001,82.560402
HUN,TRY,2002,81.979156
HUN,TRY,2003,82.744484
HUN,TRY,2004,82.858444
HUN,TRY,2005,83.029488
HUN,TRY,2006,81.811996
HUN,TRY,2007,80.406219
HUN,TRY,2008,79.934586
HUN,TRY,2009,78.757912
HUN,TRY,2010,78.591927
HUN,TRY,2011,79.298866
HUN,TRY,2012,79.716576
HUN,TRY,2013,80.137756
HUN,TRY,2014,81.839241
HUN,TRY,2015,83.020691
HUN,TRY,2016,84.997375
HUN,TRY,2017,85.10128
HUN,TRY,2018,85.793182
HUN,TRY,2019,85.794998
HUN,TRY,2020,85.8964
HUN,TRY,2021,90.695206
ITA,UPPSRY_NTRY,1989,73.85968
ITA,UPPSRY_NTRY,1991,73.690491
ITA,UPPSRY_NTRY,1992,73.295624
ITA,UPPSRY_NTRY,1994,71.308662
ITA,UPPSRY_NTRY,1995,70.438133
ITA,UPPSRY_NTRY,1998,70.060715
ITA,UPPSRY_NTRY,1999,70.329041
ITA,UPPSRY_NTRY,2000,71.228004
ITA,UPPSRY_NTRY,2001,72.093636
ITA,UPPSRY_NTRY,2002,72.323418
ITA,UPPSRY_NTRY,2003,72.36026
ITA,UPPSRY_NTRY,2004,73.488579
ITA,UPPSRY_NTRY,2005,73.509468
ITA,UPPSRY_NTRY,2006,74.388802
ITA,UPPSRY_NTRY,2007,74.456848
ITA,UPPSRY_NTRY,2008,74.307938
ITA,UPPSRY_NTRY,2009,73.134743
ITA,UPPSRY_NTRY,2010,72.557808
ITA,UPPSRY_NTRY,2011,71.946388
ITA,UPPSRY_NTRY,2012,71.063049
ITA,UPPSRY_NTRY,2013,69.682388
ITA,UPPSRY_NTRY,2014,69.783463
ITA,UPPSRY_NTRY,2015,70.108459
ITA,UPPSRY_NTRY,2016,70.637016
ITA,UPPSRY_NTRY,2017,70.968208
ITA,UPPSRY_NTRY,2018,70.875648
ITA,UPPSRY_NTRY,2019,71.438919
ITA,UPPSRY_NTRY,2020,69.768456
ITA,UPPSRY_NTRY,2021,70.300041
MEX,UPPSRY_NTRY,1997,70.118317
MEX,UPPSRY_NTRY,1998,69.068527
MEX,UPPSRY_NTRY,1999,69.139015
MEX,UPPSRY_NTRY,2000,70.685654
MEX,UPPSRY_NTRY,2001,69.786179
MEX,UPPSRY_NTRY,2002,69.725899
MEX,UPPSRY_NTRY,2003,69.545753
MEX,UPPSRY_NTRY,2004,70.277008
MEX,UPPSRY_NTRY,2005,71.375053
MEX,UPPSRY_NTRY,2006,72.77153
MEX,UPPSRY_NTRY,2007,72.979225
MEX,UPPSRY_NTRY,2008,71.864571
MEX,UPPSRY_NTRY,2009,71.282875
MEX,UPPSRY_NTRY,2010,70.418137
MEX,UPPSRY_NTRY,2011,70.628136
MEX,UPPSRY_NTRY,2012,71.028786
MEX,UPPSRY_NTRY,2013,71.181068
MEX,UPPSRY_NTRY,2014,70.256165
MEX,UPPSRY_NTRY,2015,70.387871
MEX,UPPSRY_NTRY,2016,70.457092
MEX,UPPSRY_NTRY,2017,70.602966
MEX,UPPSRY_NTRY,2018,70.982323
MEX,UPPSRY_NTRY,2019,71.533577
MEX,UPPSRY_NTRY,2020,67.740982
MEX,UPPSRY_NTRY,2021,69.285164
BRA,UPPSRY_NTRY,2007,76.925064
BRA,UPPSRY_NTRY,2008,77.742615
BRA,UPPSRY_NTRY,2009,77.401581
BRA,UPPSRY_NTRY,2011,70.108574
BRA,UPPSRY_NTRY,2012,77.300591
BRA,UPPSRY_NTRY,2013,76.272385
BRA,UPPSRY_NTRY,2014,76.706406
BRA,UPPSRY_NTRY,2015,73.922913
BRA,UPPSRY_NTRY,2016,73.208847
BRA,UPPSRY_NTRY,2017,72.444252
BRA,UPPSRY_NTRY,2018,72.51487
BRA,UPPSRY_NTRY,2019,73.244072
BRA,UPPSRY_NTRY,2020,67.144112
BRA,UPPSRY_NTRY,2021,67.649879
RUS,TRY,2010,82.339684
RUS,TRY,2011,81.330803
RUS,TRY,2012,81.969696
RUS,TRY,2013,81.522202
RUS,TRY,2014,81.687599
RUS,TRY,2015,81.163437
RUS,TRY,2016,81.307457
RUS,TRY,2017,82.834412
RUS,TRY,2018,83.173508
DNK,TRY,1981,89.338409
DNK,TRY,1988,90.77253
DNK,TRY,1991,89.32708
DNK,TRY,1992,88.758072
DNK,TRY,1994,88.505684
DNK,TRY,1995,88.618248
DNK,TRY,1998,87.48867
DNK,TRY,1999,87.872902
DNK,TRY,2000,88.410698
DNK,TRY,2001,87.199196
DNK,TRY,2002,86.016006
DNK,TRY,2003,85.192345
DNK,TRY,2004,85.53891
DNK,TRY,2005,86.435089
DNK,TRY,2006,87.439705
DNK,TRY,2007,87.203529
DNK,TRY,2008,87.843956
DNK,TRY,2009,86.004707
DNK,TRY,2010,85.256737
DNK,TRY,2011,85.386017
DNK,TRY,2012,85.644394
DNK,TRY,2013,85.803421
DNK,TRY,2014,85.325394
DNK,TRY,2015,85.606461
DNK,TRY,2016,85.378372
DNK,TRY,2017,85.923767
DNK,TRY,2018,86.608482
DNK,TRY,2019,87.609886
DNK,TRY,2020,88.269753
DNK,TRY,2021,87.680939
COL,BUPPSRY,2014,72.179565
COL,BUPPSRY,2015,71.94149
COL,BUPPSRY,2016,71.979202
COL,BUPPSRY,2017,71.794205
COL,BUPPSRY,2018,71.09211
COL,BUPPSRY,2019,69.47451
COL,BUPPSRY,2020,61.813076
COL,BUPPSRY,2021,64.825989
COL,TRY,2014,84.353065
COL,TRY,2015,83.759758
COL,TRY,2016,82.525581
COL,TRY,2017,83.000542
COL,TRY,2018,81.974762
COL,TRY,2019,81.359108
COL,TRY,2020,74.228973
COL,TRY,2021,77.346176
COL,UPPSRY_NTRY,2014,76.281158
COL,UPPSRY_NTRY,2015,76.975761
COL,UPPSRY_NTRY,2016,76.484291
COL,UPPSRY_NTRY,2017,75.1996
COL,UPPSRY_NTRY,2018,74.945816
COL,UPPSRY_NTRY,2019,73.817146
COL,UPPSRY_NTRY,2020,65.633812
COL,UPPSRY_NTRY,2021,68.117317
ARG,BUPPSRY,2004,65.440788
ARG,BUPPSRY,2005,65.654251
ARG,BUPPSRY,2006,66.444931
ARG,BUPPSRY,2008,66.380959
ARG,BUPPSRY,2009,65.853905
ARG,BUPPSRY,2010,65.87809
ARG,BUPPSRY,2011,67.032326
ARG,BUPPSRY,2012,67.033287
ARG,BUPPSRY,2013,65.990105
ARG,BUPPSRY,2014,65.421463
ARG,BUPPSRY,2017,65.319916
ARG,BUPPSRY,2018,65.237976
ARG,BUPPSRY,2019,64.698357
ARG,BUPPSRY,2020,58.216255
ARG,BUPPSRY,2021,65.98999
ARG,TRY,2004,85.210709
ARG,TRY,2005,85.825768
ARG,TRY,2006,87.23188
ARG,TRY,2008,86.456985
ARG,TRY,2009,86.653343
ARG,TRY,2010,87.174286
ARG,TRY,2011,87.517441
ARG,TRY,2012,87.057755
ARG,TRY,2013,86.816681
ARG,TRY,2014,86.7799
ARG,TRY,2017,85.47583
ARG,TRY,2018,86.179726
ARG,TRY,2019,86.585098
ARG,TRY,2020,82.458267
ARG,TRY,2021,85.8116
ARG,UPPSRY_NTRY,2004,69.934204
ARG,UPPSRY_NTRY,2005,71.392929
ARG,UPPSRY_NTRY,2006,72.27359
ARG,UPPSRY_NTRY,2008,73.212509
ARG,UPPSRY_NTRY,2009,73.349998
ARG,UPPSRY_NTRY,2010,73.179993
ARG,UPPSRY_NTRY,2011,73.927986
ARG,UPPSRY_NTRY,2012,73.725998
ARG,UPPSRY_NTRY,2013,74.106613
ARG,UPPSRY_NTRY,2014,72.90107
ARG,UPPSRY_NTRY,2017,73.76062
ARG,UPPSRY_NTRY,2018,73.644089
ARG,UPPSRY_NTRY,2019,73.143913
ARG,UPPSRY_NTRY,2020,67.221558
ARG,UPPSRY_NTRY,2021,73.049782
CHL,BUPPSRY,2009,57.076309
CHL,BUPPSRY,2011,59.95084
CHL,BUPPSRY,2013,61.319107
CHL,BUPPSRY,2015,62.158195
CHL,BUPPSRY,2017,62.410728
CHL,BUPPSRY,2020,52.084259
CHL,TRY,2009,82.591125
CHL,TRY,2011,84.29744
CHL,TRY,2013,83.981934
CHL,TRY,2015,84.405441
CHL,TRY,2017,84.466148
CHL,TRY,2020,80.033325
CHL,UPPSRY_NTRY,2009,68.828453
CHL,UPPSRY_NTRY,2011,70.344803
CHL,UPPSRY_NTRY,2013,71.587563
CHL,UPPSRY_NTRY,2015,71.810188
CHL,UPPSRY_NTRY,2017,71.874092
CHL,UPPSRY_NTRY,2020,62.624771
IND,BUPPSRY,2012,37.270351
IND,BUPPSRY,2018,57.166451
IND,BUPPSRY,2019,57.45676
IND,BUPPSRY,2020,61.198318
IND,TRY,2012,39.949623
IND,TRY,2018,62.510967
IND,TRY,2019,61.882214
IND,TRY,2020,62.191349
IND,UPPSRY_NTRY,2012,39.147507
IND,UPPSRY_NTRY,2018,63.483559
IND,UPPSRY_NTRY,2019,62.948265
IND,UPPSRY_NTRY,2020,64.364479
IDN,BUPPSRY,2004,70.765129
IDN,BUPPSRY,2005,70.546555
IDN,BUPPSRY,2006,69.622757
IDN,BUPPSRY,2007,72.562965
IDN,BUPPSRY,2008,71.975693
IDN,BUPPSRY,2009,73.127312
IDN,BUPPSRY,2010,73.803917
IDN,BUPPSRY,2011,73.930084
IDN,BUPPSRY,2012,74.226013
IDN,BUPPSRY,2013,73.573471
IDN,BUPPSRY,2014,73.708832
IDN,BUPPSRY,2015,73.092537
IDN,BUPPSRY,2016,72.363319
IDN,BUPPSRY,2017,73.038063
IDN,BUPPSRY,2018,74.187363
IDN,BUPPSRY,2019,74.770241
IDN,BUPPSRY,2020,73.558708
IDN,BUPPSRY,2021,72.770767
IDN,TRY,2004,77.068466
IDN,TRY,2005,82.540245
IDN,TRY,2006,81.328804
IDN,TRY,2007,74.25769
IDN,TRY,2008,76.766548
IDN,TRY,2009,75.425919
IDN,TRY,2010,78.069321
IDN,TRY,2011,82.229584
IDN,TRY,2012,85.925858
IDN,TRY,2013,85.715721
IDN,TRY,2014,85.601837
IDN,TRY,2015,85.077965
IDN,TRY,2016,85.09465
IDN,TRY,2017,85.070862
IDN,TRY,2018,81.543999
IDN,TRY,2019,84.143768
IDN,TRY,2020,82.309792
IDN,TRY,2021,80.874817
IDN,UPPSRY_NTRY,2004,68.580849
IDN,UPPSRY_NTRY,2005,69.436249
IDN,UPPSRY_NTRY,2006,69.588615
IDN,UPPSRY_NTRY,2007,66.537804
IDN,UPPSRY_NTRY,2008,70.244476
IDN,UPPSRY_NTRY,2009,71.039185
IDN,UPPSRY_NTRY,2010,72.567726
IDN,UPPSRY_NTRY,2011,74.716812
IDN,UPPSRY_NTRY,2012,74.965752
IDN,UPPSRY_NTRY,2013,74.710739
IDN,UPPSRY_NTRY,2014,75.137367
IDN,UPPSRY_NTRY,2015,74.328827
IDN,UPPSRY_NTRY,2016,74.1698
IDN,UPPSRY_NTRY,2017,74.104416
IDN,UPPSRY_NTRY,2018,75.112083
IDN,UPPSRY_NTRY,2019,75.694656
IDN,UPPSRY_NTRY,2020,73.851341
IDN,UPPSRY_NTRY,2021,72.563866
LTU,BUPPSRY,2000,36.659027
LTU,BUPPSRY,2005,46.317135
LTU,BUPPSRY,2006,46.597855
LTU,BUPPSRY,2007,49.111763
LTU,BUPPSRY,2008,42.214924
LTU,BUPPSRY,2009,38.560547
LTU,BUPPSRY,2010,31.624071
LTU,BUPPSRY,2011,32.948956
LTU,BUPPSRY,2012,36.003731
LTU,BUPPSRY,2013,38.94894
LTU,BUPPSRY,2014,48.12862
LTU,BUPPSRY,2015,50.018356
LTU,BUPPSRY,2016,49.252579
LTU,BUPPSRY,2017,52.07909
LTU,BUPPSRY,2018,55.125961
LTU,BUPPSRY,2019,55.206459
LTU,BUPPSRY,2020,54.489285
LTU,BUPPSRY,2021,57.802979
LTU,TRY,2000,80.393715
LTU,TRY,2005,87.520042
LTU,TRY,2006,89.12191
LTU,TRY,2007,89.445465
LTU,TRY,2008,88.930702
LTU,TRY,2009,86.935135
LTU,TRY,2010,86.695938
LTU,TRY,2011,88.284607
LTU,TRY,2012,88.219864
LTU,TRY,2013,88.598808
LTU,TRY,2014,89.392021
LTU,TRY,2015,89.636765
LTU,TRY,2016,91.005623
LTU,TRY,2017,90.661789
LTU,TRY,2018,91.048744
LTU,TRY,2019,91.255867
LTU,TRY,2020,89.881157
LTU,TRY,2021,89.768044
LTU,UPPSRY_NTRY,2000,68.676979
LTU,UPPSRY_NTRY,2005,74.779411
LTU,UPPSRY_NTRY,2006,74.901802
LTU,UPPSRY_NTRY,2007,75.80204
LTU,UPPSRY_NTRY,2008,74.197197
LTU,UPPSRY_NTRY,2009,68.311424
LTU,UPPSRY_NTRY,2010,63.374794
LTU,UPPSRY_NTRY,2011,66.034286
LTU,UPPSRY_NTRY,2012,67.547142
LTU,UPPSRY_NTRY,2013,68.361069
LTU,UPPSRY_NTRY,2014,69.656227
LTU,UPPSRY_NTRY,2015,71.00312
LTU,UPPSRY_NTRY,2016,72.594543
LTU,UPPSRY_NTRY,2017,73.441284
LTU,UPPSRY_NTRY,2018,75.150528
LTU,UPPSRY_NTRY,2019,74.767952
LTU,UPPSRY_NTRY,2020,73.166847
LTU,UPPSRY_NTRY,2021,73.673454
ZAF,BUPPSRY,2010,49.241619
ZAF,BUPPSRY,2011,49.113503
ZAF,BUPPSRY,2012,47.92617
ZAF,BUPPSRY,2013,46.51461
ZAF,BUPPSRY,2014,46.519604
ZAF,BUPPSRY,2015,47.384739
ZAF,BUPPSRY,2016,46.094673
ZAF,BUPPSRY,2017,45.673302
ZAF,BUPPSRY,2018,45.860928
ZAF,BUPPSRY,2019,44.439327
ZAF,BUPPSRY,2020,40.074463
ZAF,TRY,2010,75.490814
ZAF,TRY,2011,76.977989
ZAF,TRY,2012,80.174294
ZAF,TRY,2013,82.998703
ZAF,TRY,2014,81.738312
ZAF,TRY,2015,81.25563
ZAF,TRY,2016,79.539787
ZAF,TRY,2017,78.707962
ZAF,TRY,2018,78.986198
ZAF,TRY,2019,77.200546
ZAF,TRY,2020,72.694473
ZAF,UPPSRY_NTRY,2010,58.60606
ZAF,UPPSRY_NTRY,2011,58.106701
ZAF,UPPSRY_NTRY,2012,59.840462
ZAF,UPPSRY_NTRY,2013,61.716122
ZAF,UPPSRY_NTRY,2014,61.450657
ZAF,UPPSRY_NTRY,2015,61.843971
ZAF,UPPSRY_NTRY,2016,61.50164
ZAF,UPPSRY_NTRY,2017,60.839893
ZAF,UPPSRY_NTRY,2018,59.450344
ZAF,UPPSRY_NTRY,2019,58.712944
ZAF,UPPSRY_NTRY,2020,52.64201
CRI,BUPPSRY,1987,57.429066
CRI,BUPPSRY,1988,56.184174
CRI,BUPPSRY,1989,56.993687
CRI,BUPPSRY,1990,56.926033
CRI,BUPPSRY,1991,56.188293
CRI,BUPPSRY,1992,56.452
CRI,BUPPSRY,1993,57.102432
CRI,BUPPSRY,1994,58.26001
CRI,BUPPSRY,1995,58.913231
CRI,BUPPSRY,1996,56.965866
CRI,BUPPSRY,1997,59.99564
CRI,BUPPSRY,1998,60.982613
CRI,BUPPSRY,1999,61.357746
CRI,BUPPSRY,2000,61.59605
CRI,BUPPSRY,2001,63.489506
CRI,BUPPSRY,2002,63.410751
CRI,BUPPSRY,2003,63.34066
CRI,BUPPSRY,2004,62.776333
CRI,BUPPSRY,2005,65.914574
CRI,BUPPSRY,2006,66.147629
CRI,BUPPSRY,2007,67.708755
CRI,BUPPSRY,2008,67.077698
CRI,BUPPSRY,2009,64.507881
CRI,BUPPSRY,2010,64.263031
CRI,BUPPSRY,2011,61.148151
CRI,BUPPSRY,2012,65.437431
CRI,BUPPSRY,2013,65.945564
CRI,BUPPSRY,2014,65.438843
CRI,BUPPSRY,2015,64.481216
CRI,BUPPSRY,2016,61.668736
CRI,BUPPSRY,2017,63.806953
CRI,BUPPSRY,2018,65.368034
CRI,BUPPSRY,2019,65.622574
CRI,BUPPSRY,2020,57.276474
CRI,BUPPSRY,2021,59.828228
CRI,TRY,1987,77.507713
CRI,TRY,1988,77.770279
CRI,TRY,1989,78.545593
CRI,TRY,1990,77.664375
CRI,TRY,1991,79.329597
CRI,TRY,1992,78.400902
CRI,TRY,1993,80.046448
CRI,TRY,1994,78.006798
CRI,TRY,1995,78.183334
CRI,TRY,1996,80.563759
CRI,TRY,1997,82.073799
CRI,TRY,1998,80.992729
CRI,TRY,1999,81.605812
CRI,TRY,2000,82.1614
CRI,TRY,2001,83.611443
CRI,TRY,2002,84.669533
CRI,TRY,2003,83.751411
CRI,TRY,2004,81.76635
CRI,TRY,2005,84.503532
CRI,TRY,2006,83.774475
CRI,TRY,2007,83.970078
CRI,TRY,2008,83.231461
CRI,TRY,2009,84.303986
CRI,TRY,2010,83.639328
CRI,TRY,2011,81.227402
CRI,TRY,2012,82.175148
CRI,TRY,2013,82.00811
CRI,TRY,2014,82.271797
CRI,TRY,2015,81.229309
CRI,TRY,2016,80.602211
CRI,TRY,2017,80.824501
CRI,TRY,2018,80.942894
CRI,TRY,2019,82.156219
CRI,TRY,2020,76.803146
CRI,TRY,2021,80.987968
CRI,UPPSRY_NTRY,1987,69.766182
CRI,UPPSRY_NTRY,1988,70.336182
CRI,UPPSRY_NTRY,1989,69.859818
CRI,UPPSRY_NTRY,1990,70.54055
CRI,UPPSRY_NTRY,1991,69.887222
CRI,UPPSRY_NTRY,1992,68.428177
CRI,UPPSRY_NTRY,1993,68.568092
CRI,UPPSRY_NTRY,1994,70.439384
CRI,UPPSRY_NTRY,1995,71.144424
CRI,UPPSRY_NTRY,1996,67.222862
CRI,UPPSRY_NTRY,1997,67.886566
CRI,UPPSRY_NTRY,1998,70.951088
CRI,UPPSRY_NTRY,1999,70.844193
CRI,UPPSRY_NTRY,2000,70.986984
CRI,UPPSRY_NTRY,2001,73.316238
CRI,UPPSRY_NTRY,2002,71.242462
CRI,UPPSRY_NTRY,2003,72.282898
CRI,UPPSRY_NTRY,2004,71.887047
CRI,UPPSRY_NTRY,2005,72.513893
CRI,UPPSRY_NTRY,2006,71.005692
CRI,UPPSRY_NTRY,2007,71.649071
CRI,UPPSRY_NTRY,2008,73.257668
CRI,UPPSRY_NTRY,2009,72.93705
CRI,UPPSRY_NTRY,2010,73.494446
CRI,UPPSRY_NTRY,2011,72.280754
CRI,UPPSRY_NTRY,2012,74.14592
CRI,UPPSRY_NTRY,2013,72.504944
CRI,UPPSRY_NTRY,2014,73.132286
CRI,UPPSRY_NTRY,2015,71.712273
CRI,UPPSRY_NTRY,2016,71.112854
CRI,UPPSRY_NTRY,2017,69.137001
CRI,UPPSRY_NTRY,2018,69.846558
CRI,UPPSRY_NTRY,2019,72.815857
CRI,UPPSRY_NTRY,2020,64.303535
CRI,UPPSRY_NTRY,2021,65.823845
G20,BUPPSRY,2012,57.448882
G20,BUPPSRY,2018,58.937456
G20,BUPPSRY,2019,59.1721
G20,BUPPSRY,2020,57.656443
G20,TRY,2012,79.775799
G20,TRY,2018,81.330985
G20,TRY,2019,81.513364
G20,TRY,2020,80.131969
G20,UPPSRY_NTRY,2012,70.32889
G20,UPPSRY_NTRY,2018,72.108698
G20,UPPSRY_NTRY,2019,72.060904
G20,UPPSRY_NTRY,2020,70.13555